:020000040800F2
:1000000000060020E1020008E3020008E302000805
:10001000E3020008E3020008E3020008E30200082C
:10002000E3020008E3020008E30200086D7700081D
:10003000E3020008E3020008E3020008E30200080C
:10004000E3020008E3020008E3020008E3020008FC
:10005000E3020008E3020008E3020008E3020008EC
:10006000E3020008E3020008E3020008F546000886
:100070001D4700084947000875470008A1470008C8
:10008000C9470008F5470008E3020008E30200083A
:10009000E3020008E3020008E3020008E3020008AC
:1000A000E3020008E3020008E3020008E30200089C
:1000B000E3020008E3020008E3020008E30200088C
:1000C000E3020008E3020008E3020008E30200087C
:1000D000E3020008E3020008E30200088D8600083E
:1000E000E3020008E3020008E3020008E30200085C
:1000F000E3020008E3020008E302000821480008C8
:10010000E302000879860008A1860008E3020008DF
:10011000E3020008E3020008E3020008E30200082B
:100120004D48000875480008A1480008CD4800085F
:10013000F9480008E3020008E3020008E3020008AF
:10014000E3020008E3020008E3020008E3020008FB
:10015000214900084D49000879490008E3020008D8
:10016000E3020008E3020008E3020008E3020008DB
:10017000E302000859830008E3020008E3020008D4
:10018000E3020008E3020008E3020008E3020008BB
:10019000E3020008E3020008E3020008E3020008AB
:1001A000E3020008E3020008E3020008E30200089B
:1001B000E3020008E3020008E3020008E30200088B
:1001C000E3020008E3020008E3020008E30200087B
:1001D000E302000845830008E3020008E302000888
:1001E000E3020008E3020008E3020008E30200085B
:1001F000E3020008E3020008E3020008E30200084B
:10020000E3020008E3020008E3020008E30200083A
:10021000E3020008E3020008E3020008E30200082A
:10022000E3020008E3020008E3020008E30200081A
:10023000E3020008E3020008E3020008E30200080A
:10024000E3020008E3020008E3020008E3020008FA
:10025000E3020008E3020008E3020008E3020008EA
:10026000E3020008E3020008E3020008E3020008DA
:10027000E3020008E3020008E3020008E3020008CA
:10028000E3020008E3020008E3020008E3020008BA
:10029000E3020008E3020008E3020008E3020008AA
:1002A000E3020008E3020008E3020008E30200089A
:1002B000E3020008E3020008E3020008E30200088A
:1002C000E3020008E3020008E3020008E30200087A
:1002D000E3020008E3020008E3020008E30200086A
:1002E00002E000F000F8FEE772B6374880F30888B5
:1002F000364880F3098836483649086040F20000E5
:10030000CCF200004EF63471CEF200010860BFF36B
:100310004F8FBFF36F8F40F20000C0F2F0004EF637
:100320008851CEF200010860BFF34F8FBFF36F8F8B
:100330004FF00000E1EE100A4EF63C71CEF20001E3
:100340000860062080F31488BFF36F8F07F070FAFF
:1003500006F0CAFB4FF055301F491B4A91423CBF83
:1003600041F8040BFAE71D49184A91423CBF41F895
:10037000040BFAE71A491B4A1B4B9A423EBF51F83D
:10038000040B42F8040BF8E700201849184A914280
:100390003CBF41F8040BFAE707F088FA06F028FCA6
:1003A000144C154DAC4203DA54F8041B8847F9E7A6
:1003B00000F0C4F9114C124DAC4203DA54F8041B9E
:1003C0008847F9E707F070BA0006002000220020F5
:1003D0000000000808ED00E00000002000060020FA
:1003E000F89A0008002200206C22002070220020D1
:1003F000D45D0020E0020008E0020008E0020008EE
:10040000E00200082DE9F04F2DED108AC1F80CD064
:10041000D0F80CD0BDEC108ABDE8F08F002383F338
:1004200011882846A047002006F040F9FEE706F0B4
:1004300093F800DFFEE7000053B94AB9002908BF6E
:1004400000281CBF4FF0FF314FF0FF3000F074B9AF
:10045000ADF1080C6DE904CE00F006F8DDF804E01B
:10046000DDE9022304B070472DE9F047089D0446FA
:100470008E46002B4DD18A42944669D9B2FA82F257
:1004800052B101FA02F3C2F1200120FA01F10CFA93
:1004900002FC41EA030E94404FEA1C48210CBEFBCB
:1004A000F8F61FFA8CF708FB16E341EA034306FB54
:1004B00007F199420AD91CEB030306F1FF3080F0E3
:1004C0001F81994240F21C81023E63445B1AA4B230
:1004D000B3FBF8F008FB103344EA034400FB07F7D2
:1004E000A7420AD91CEB040400F1FF3380F00A8113
:1004F000A74240F207816444023840EA0640E41B08
:1005000000261DB1D4400023C5E900433146BDE8B3
:10051000F0878B4209D9002D00F0EF800026C5E955
:10052000000130463146BDE8F087B3FA83F6002E6D
:100530004AD18B4202D3824200F2F980841A61EBE5
:10054000030301209E46002DE0D0C5E9004EDDE703
:1005500002B9FFDEB2FA82F2002A40F09280A1EBEB
:100560000C014FEA1C471FFA8CFE0126200CB1FB40
:10057000F7F307FB131140EA01410EFB03F0884239
:1005800008D91CEB010103F1FF3802D2884200F2C6
:10059000CB804346091AA4B2B1FBF7F007FB101158
:1005A00044EA01440EFB00FEA64508D91CEB0404F6
:1005B00000F1FF3102D2A64500F2BB800846A4EB51
:1005C0000E0440EA03409CE7C6F12007B34022FA3C
:1005D00007FC4CEA030C20FA07F401FA06F31C436B
:1005E000F9404FEA1C4900FA06F3B1FBF9F8200C78
:1005F0001FFA8CFE09FB181140EA014108FB0EF0BE
:10060000884202FA06F20BD91CEB010108F1FF3A0D
:1006100080F08880884240F28580A8F10208614419
:10062000091AA4B2B1FBF9F009FB101144EA014127
:1006300000FB0EFE8E4508D91CEB010100F1FF34D2
:100640006CD28E456AD90238614440EA0840A0FB6A
:100650000294A1EB0E01A142C846A64656D353D040
:100660005DB1B3EB080261EB0E0101FA07F722FA64
:1006700006F3F1401F43C5E9007100263146BDE88D
:10068000F087C2F12003D8400CFA02FC21FA03F3F0
:10069000914001434FEA1C471FFA8CFEB3FBF7F071
:1006A00007FB10360B0C43EA064300FB0EF69E4296
:1006B00004FA02F408D91CEB030300F1FF382FD22F
:1006C0009E422DD9023863449B1B89B2B3FBF7F6D7
:1006D00007FB163341EA034106FB0EF38B4208D9B0
:1006E0001CEB010106F1FF3816D28B4214D9023EF1
:1006F0006144C91A46EA004638E72E46284605E70F
:100700000646E3E61846F8E64B45A9D2B9EB0208DF
:1007100064EB0C0E0138A3E74646EAE7204694E76F
:100720004046D1E7D0467BE7023B614432E73046A2
:1007300009E76444023842E7704700BF38B501F06A
:1007400095FA01F065FC06F0F1FE054607F000F8A9
:100750000446D0B90F4B9D4219D001339D4241F25E
:10076000883504BF01240025002006F0E9FE0CB105
:1007700000F076F801F0EAFB00F02EFD08B100F081
:100780006FF8284600F01AF9F9E70025ECE705466E
:10079000EAE700BF010007B008B501F033FAA0F1A5
:1007A00020035842584108BD07B5042101900DEBC4
:1007B000010001F045FA03B05DF804FB38B53023C1
:1007C00083F31188174803680BB106F053F8002330
:1007D000154A4FF47A71134806F042F8002383F368
:1007E0001188124C236813B12368013B23606368AE
:1007F00013B16368013B63600D4D2B7833B96368B7
:100800007BB9022001F004FB322363602B78032BB9
:1008100007D163682BB9022001F0FAFA4FF47A731A
:10082000636038BD70220020BD07000890230020BF
:1008300088220020084B187003280CD8DFE800F04D
:1008400008050208022001F0D5BA022001F0C2BA60
:10085000024B00225A60704788220020902300201B
:10086000F8B5504B504A1C461968013100F0998088
:1008700004339342F8D162684C4B9A4240F2918023
:100880004B4B9B6803F1006303F500339A4280F001
:100890008880002001F010FA0220FFF7CBFF454BC3
:1008A0000021D3F8E820C3F8E810D3F81021C3F8EA
:1008B0001011D3F81021D3F8EC20C3F8EC10D3F8C2
:1008C0001421C3F81411D3F81421D3F8F020C3F87D
:1008D000F010D3F81821C3F81811D3F81821D3F861
:1008E000802042F00062C3F88020D3F8802022F0FC
:1008F0000062C3F88020D3F88020D3F8802042F033
:100900000072C3F88020D3F8802022F00072C3F870
:100910008020D3F8803072B64FF0E023C3F8084D42
:10092000D4E90004BFF34F8FBFF36F8F224AC2F8A0
:100930008410BFF34F8F536923F480335361BFF3A7
:100940004F8FD2F8803043F6E076C3F3C905C3F386
:100950004E335B0103EA060C29464CEA81770139E4
:10096000C2F87472F9D2203B13F1200FF2D1BFF319
:100970004F8FBFF36F8FBFF34F8FBFF36F8F5369ED
:1009800023F4003353610023C2F85032BFF34F8F7A
:10099000BFF36F8F302383F31188854680F3088877
:1009A0002047F8BD0000020820000208FFFF0108F0
:1009B000002200200044025800ED00E02DE9F04F35
:1009C00095B0DFF8D8922022FF21029004A8D9F830
:1009D000085001F065FAA84A1378A3B90121A74885
:1009E00011700360302383F3118803680BB105F0A5
:1009F00041FF0023A24A4FF47A71A04805F030FF6E
:100A0000002383F31188029B13B19E4B029A1A6054
:100A10009D4A1378032B03D000231370994A536027
:100A20004FF0000B029C5E46DA46CDF804B0012080
:100A300001F0E0F924B1934B1B68002B00F02882F1
:100A4000002001F0DFF8B0F10008F3DB012001F035
:100A5000C1F9A8F121031F2BE9D801A252F823F014
:100A6000E10A0008FD0A00088B0B00082F0A0008A5
:100A70002F0A00082F0A0008150C0008070E0008AE
:100A8000F90C0008550D00087B0D0008A10D0008A9
:100A90002F0A0008B30D0008D70D00084F0E0008FC
:100AA000690B00082F0A0008970E0008ED0A0008DD
:100AB000690B00082F0A0008550D00082F0A0008CE
:100AC0002F0A00082F0A00082F0A00082F0A000822
:100AD0002F0A00082F0A00082F0A00088B0B0008B5
:100AE0000220FFF759FE002840F0FF81029B0221FF
:100AF0006648BBF1000F08BF1C4640E04FF47A7017
:100B000001F080F8071EF1DB0220FFF745FE002808
:100B1000ECD0013F052F00F2EA81DFE807F0030780
:100B20000A0D10330520FFF73FFE14E0D9F800004E
:100B3000F9E7D9F80400F6E7D9F80800F3E74FF031
:100B40001C08404608F1040801F0B8F8FFF72CFE35
:100B5000B8F12C0FF5D10120019B4FF0000A00FAEB
:100B600007F71F43FBB2019301F0E6F92EB1019B99
:100B700003F00B030B2B08BF00240221444801F0B3
:100B80005FF854E7D9F80C00CDE7002EAED0019BFA
:100B900003F00B030B2BA9D10220FFF7FDFD074645
:100BA0000028A3D00120002601F086F80220FFF7DC
:100BB00041FE1FFA86FB584601F08EF8044688B1C4
:100BC000A8F14002584601365142514101F094F8D3
:100BD0000028EED1BB46044602212E483E4601F0D5
:100BE0002FF824E725460120FFF724FED9F8083026
:100BF000AB4207D9284601F061F8013040F07A8114
:100C00000435F3E70025204BBB463E461D701D4BC7
:100C10005D60A9E7002E3FF469AF019B03F00B0371
:100C20000B2B7FF463AF0220FFF704FE322000F0AD
:100C3000E9FFB0F10008FFF659AF18F003077FF4A1
:100C400055AF08EB0503D9F8082093423FF64EAFA5
:100C5000B8F5807F3FF74AAF0F4BB84503931FDDD0
:100C60004FF47A7000F0CEFF0028FFF63FAF039BF1
:100C7000013703F8010BF0E78C23002070220020DD
:100C8000BD0700089023002088220020B0900008B3
:100C9000A8900008AC9000088C22002000220020C0
:100CA000C820FFF779FD074600283FF41FAF1F2D2E
:100CB00011D8C5F1200204AB25F003008F4942454D
:100CC000184428BF4246039201F0C4F8039AFF215A
:100CD0008A4801F0E5F84FEAA803C8F3870287497C
:100CE0002846039301F0E4F8064600283FF474AF69
:100CF000039B05EB830537E70220FFF74DFD002836
:100D00003FF4F4AE01F016F800283FF4EFAE0027F0
:100D1000B846D9F80830BB4218D91F2F11D8049B08
:100D200001330ED027F0030314AA134453F8403CB8
:100D30000C93404604220CA9043701F07BF980464D
:100D4000E7E7384600F0BAFF0C90F2E74046FFF7BD
:100D50002BFD09E7002364210CA80C9300F066FF2B
:100D600000287FF4C3AE0220FFF716FD00283FF4F1
:100D7000BDAE0C9800F0D4FFE9E7002364210CA875
:100D80000C9300F053FF00287FF4B0AE0220FFF771
:100D900003FD00283FF4AAAE0C9800F0C3FFD6E78D
:100DA0000220FFF7F9FC00283FF4A0AE00F0D2FFCC
:100DB000CDE70220FFF7F0FC00283FF497AE0CA926
:100DC000142000F0CDFF0390FFF7EEFC03990CA870
:100DD00000F036FFC8E60220FFF7DEFC00283FF4F3
:100DE00085AE474B0CAF03F1100C1868083353F86D
:100DF000041C3A46634503C21746F6D11020FFF79C
:100E0000D3FC1021E3E7322000F0FCFE071EFFF6C2
:100E10006DAEBB077FF46AAE07EB0A03D9F8082072
:100E200093423FF663AE0220FFF7B6FC00283FF482
:100E30005DAE27F003075744BA453FF495AE5046E0
:100E40000AF1040A00F03AFFFFF7AEFCF4E74FF4B2
:100E50007A70FFF7A1FC00283FF448AE00F06AFF6B
:100E6000002849D0049B01330BD0082204A900209C
:100E700001F01EF800283FD02022FF2104A801F035
:100E80000FF82048022100F0DBFE1F4805F014FC9B
:100E900015B0BDE8F08F002E3FF428AE019B03F0A3
:100EA0000B030B2B7FF422AE002364210CA80C93C0
:100EB00000F0BCFE074600287FF418AE0220FFF7C2
:100EC0006BFC804600283FF411AE02210D4800F073
:100ED000B7FE41F2883005F0EFFB0C9801F076F890
:100EE00046463C4601F028F8A1E506463CE64FF0B0
:100EF000000AFBE5BB466FE637466DE68C22002014
:100F000094900008A8900008A08601007047000097
:100F100070470000704700002DE9F04100F5803770
:100F2000044616463B7C5BB9C0681030204400F094
:100F300091FFE5683544B5F5004FE56002D816B17C
:100F4000BDE8F081DEB905F07F0605F11000002153
:100F5000C6F180062044F6B232462E4400F0A0FFCF
:100F6000A06804F11008324600F10060414600F527
:100F7000003006F07BF830B901233B74E0E74FF412
:100F800000463546ECE7A26805F1100140463244C0
:100F90002144A260E268521BE26000F05BFF022085
:100FA000BDE8F04100F034BF183000F0E9BC0000AB
:100FB00010B5044601F05AF8204610BD10B504469D
:100FC00001F054F8204610BDC0B2A0F14103052B3A
:100FD00002D83738C0B27047A0F16103052B94BF27
:100FE00057383038F6E7000070B504461546084615
:100FF00003220C4900F038FF014688B908346E1C02
:1010000015F91100FFF7E0FF024616F91100013152
:10101000FFF7DAFF102940EA021004F8010BEFD1C4
:1010200070BD00BFB49000082DE9F04FADF53F7DD5
:101030000746416801222AA802F008FF002840F074
:1010400087800646824681461125DFF80C81DFF84D
:101050000CB101AB4FF4805241462AA803F056F878
:10106000002875D1019AB2F5805F71D8002A65D049
:101070000446019A9442ECD2282D0FD008DC132D9F
:101080002DD01E2D39D0112D13D00134A4B2F0E78C
:10109000322D2DD0372D2FD02D2DF6D13B68121BA0
:1010A00008EB040138461B692D259847BDF804401C
:1010B000EBE7121B022A09D9594608EB040000F09D
:1010C000D3FE18B902342825A4B2DEE718F804309C
:1010D0003A2B3DD00A2B1CBFA1461325D5E718F8A3
:1010E00004300A2B34D03A2B04BFA2463225CCE779
:1010F00018F80430202BC8D0264618F804300A2BE4
:101100001AD1AAEB090208EB090102A811254F2AFE
:1011100028BF4F2207F0AAFFA21B08EB060116A862
:101120004F2A28BF4F2207F0A1FF3B6816AA02A949
:10113000DB6838469847A8E71E25A6E73B6838468F
:1011400004491B69984701200DF53F7DBDE8F08FEC
:101150000020F9E7B691000898230020B890000815
:1011600000F1180110B5044686B00846019100F060
:10117000F1FB2046FFF758FF60B1019902A800F08B
:1011800049FC102204F1080102A807F02FFFB0FA71
:1011900080F0400906B010BD70B504460025EEB2DF
:1011A000304600F099FD58B100213046013500F07D
:1011B000A3FD08B9002070BD022000F029FEEEE773
:1011C0002046FFF731FF0028F4D004F58034207C5E
:1011D00080F00100EFE70000F0B5C9B006F0BEF9FD
:1011E00000F060FF18B90025284649B0F0BD6946F7
:1011F0002A4803F04DF800284BD1294C204603F033
:1012000077F8284803F074F8274803F071F821466E
:10121000224803F0E9F80028E5D1702000F020FF13
:10122000064610B1214B44600360336830469B682A
:101230009847054600282ED01A4F1948394603F022
:10124000D3F805460028CED1194800F009FF04461E
:1012500038B1184B4760036000F58033C0E9025590
:101260001D74236820469B689847054628B10E499F
:101270000C4803F0B9F80028B5D1336830465B68F4
:1012800098471CB1236820465B68984700F0F2FE3F
:10129000AAE70025FAE70446EFE700BFBC90000884
:1012A000CC900008E3900008F99000081C91000819
:1012B00014000100389100082DE9F04FD44A8DB098
:1012C0000B68D0F804A001931A440368D14E1A4465
:1012D000D1F81C90DFF8B4C3DFF8B4B3D0E902341E
:1012E000634003EA0A03634013444A6802920AEB2C
:1012F0007363029CC84A2244C468224484688AEA10
:1013000004051D40654015448A68039203EB35557A
:10131000039CC24A2244846822448AEA03042C4083
:1013200084EA0A041444CA6805EBF43404921644AF
:1013300083EA0502224056445A4032440E6905961B
:1013400004EBB222059FB64E3E441E4485EA0403D8
:1013500013406B4033444E69069602EB7363069F5D
:10136000B04E3E442E4484EA02051D40654035449B
:101370008E69079603EB3555079FAB4E3E442644D6
:1013800082EA03042C4054403444A84E4E4405EBFA
:10139000F434164483EA050222405A4032440E6A6D
:1013A000089604EBB222089FA14E3E441E4485EAF3
:1013B000040313406B4033444E6A099602EB736397
:1013C000099F9C4ED1F830E03E44D1F83880F34478
:1013D0002E4484EA02051D40654035448E6AA6F518
:1013E000244703EB35550A964F3F274482EA03040E
:1013F0002C4054403C44CF6A0B9705EBF4340B9ED1
:101400008D4F3744029E174483EA050222405A401A
:101410003A448A4F774404EBB2221F4485EA04031E
:1014200013406B403B444F6BBC4402EB7363654419
:1014300084EA020C0CEA030C8CEA040C6544DFF825
:1014400054C2C44403EB3555A44482EA03042C403F
:1014500054406444D1F83CC0794905EBF43461440C
:10146000114483EA050222405A400A44754904EBBC
:10147000B2223144079E194484EA02032B406340A0
:101480000B44714902EBF36331440B9E0D4482EA35
:1014900003012140514029446C4D03EBF151354487
:1014A000019E254483EA010414405C402C44684DAD
:1014B00001EBB4443544069E154481EA04021A4007
:1014C0004A402A44634D04EB323235440A9E1D449F
:1014D00084EA02030B4063402B445F4D02EBF3634D
:1014E0003544059E0D4482EA0301214051402944C0
:1014F0005A4D03EBF1516544254483EA010414403D
:101500005C402C44564D01EBB4443544099E1544CF
:1015100081EA04021A404A402A44524D04EB323216
:101520003544049E1D4484EA02030B4063402B446F
:101530004D4D02EBF36345440D4482EA0301214023
:1015400051402944494D03EBF1513544089E2C4448
:1015500083EA010515405D402C44454D01EBB44440
:101560003544039E2A4481EA04051D404D402A4427
:10157000404D04EB32323D442B4484EA020593444F
:101580000D4065402B443C4D02EBF3633544069E11
:10159000294482EA0305254055402944374D03EB91
:1015A000F1514D442C4483EA010515405D4025442A
:1015B00001EBB54581EA050404EA03024A405A44B6
:1015C000A6F5B82B089E05EB3232ABF2BE6B544049
:1015D0005B4423442A4C344402EB33730B9E0C448B
:1015E00085EA020159402144264C344403EB7151F1
:1015F000029E254482EA03044C402544224C444484
:1016000001EB3545144483EA01026A40224443E079
:1016100078A46AD7EECEBDC156B7C7E8DB702024E8
:10162000AF0F7CF52AC68747134630A8019546FDC3
:10163000D8988069AFF7448BBED75C892211906B34
:101640002108B44962251EF640B340C0515A5E26B7
:10165000AAC7B6E95D102FD65314440281E6A1D87B
:10166000C8FBD3E7E6CDE121D60737C3870DD5F414
:10167000ED145A4505E9E3A9F8A3EFFCD9026F6719
:1016800081F6718722619D6D0C38E5FD937198FD9F
:101690008A4C2A8D8E4379A6934C344405EB7222F2
:1016A000059E1C4481EA0503534023448F4C344477
:1016B00002EB33730A9E0C4485EA0201594021442F
:1016C0008B4C4C4403EB7151254482EA03044C409B
:1016D0002C44884D354401EB3444019E154483EA83
:1016E000010262402A44844D3D4404EB72221D44B1
:1016F00081EA040353402B44804D354402EB33739D
:10170000049E294484EA02055D4029447C4D354409
:1017100003EB7151079E254482EA03044C402C449C
:10172000784D354401EB3444099E2A4483EA01058F
:1017300065401544744A324404EB7525039E1344F6
:1017400081EA04026A401A44704B734405EB32721A
:101750000B4484EA0501514019446D4B634402EB8C
:1017600071511C4485EA02034B401C44694B3344CD
:1017700001EB3444019E1D4482EA010363402B4483
:10178000654D04EB73233544069E154463EA01025C
:1017900062402A44614D03EBB2624D4462EA04099F
:1017A00029445F4D89EA0309454449442C445D4D71
:1017B00002EBB1513544049E61EA03081D4488EAF6
:1017C0000208444401EB744464EA02034B402B4496
:1017D000554D04EBF323754463EA010E15448EEA7C
:1017E000040E0EEB0502514D03EBB262354462EA82
:1017F000040E29440A9D8EEA030EA5F580164C4D71
:101800007144A6F6833602EBB151264461EA030423
:1018100054403444029E01EB7444354464EA0206A9
:101820001D444E407319089E424D04EBF32335448A
:1018300063EA01061544664072193F4D03EBB2623C
:10184000654462EA040629443C4D5E403144079EEB
:1018500002EBB151354461EA03062C44384D564041
:101860003D443444059E1D4401EB744464EA020384
:101870004B402B44334D04EBF32335440B9E15446E
:1018800063EA010262402A442F4D03EBB262354401
:10189000039E0D4462EA0401594029442B4D02EB9A
:1018A000B15135442A4E254461EA030454402C4486
:1018B000099D01EB74442E4464EA02051E4485EA46
:1018C00001039D1903681A440AEB040303EBF52393
:1018D0000260436083681C44C36819448460C1602B
:1018E0000DB0BDE8F08F00BF44EABEA4A9CFDE4B27
:1018F000604BBBF670BCBFBEC67E9B28FA27A1EA30
:101900008530EFD4051D880439D0D4D9E599DBE6BC
:10191000F87CA21F6556ACC4442229F497FF2A43E1
:10192000A72394AB39A093FCC3595B6592CC0C8F71
:10193000D15D84854F7EA86FE0E62CFE144301A3A1
:10194000A111084E827E53F735F23ABDBBD2D72A99
:1019500091D386EB094B036003F18833436003F1B5
:101960002943A3F59613A3F68B638360A3F1883311
:10197000C3600023C0E90433704700BF01234567FB
:101980002DE9F8431446026905460E46E300C2F30A
:10199000C50800F118079B18036122BF4369013392
:1019A000436112F4FC7F436903EB5473436114D029
:1019B000C8F1400907EB08004C4504D22246BDE8B7
:1019C000F84307F023BB403C4A464E4407F01EFB59
:1019D000444439462846FFF76FFCA04606EB04094D
:1019E000B8F13F0FA9EB08010AD94022384607F0A9
:1019F0000DFB39462846A8F14008FFF75DFCEFE7EC
:101A0000A1096FF03F02384602FB014206EB81114B
:101A1000D5E7000070B50B6901F1180506460C46C4
:101A2000C3F3C503EA18501C8022EA54C3F13F02F5
:101A3000072A1FD8002100F033FA29462046FFF775
:101A40003BFC38220021284600F02AFA2369294667
:101A50002046236563696365FFF72EFC214610224B
:101A6000304607F0D3FA204658220021BDE87040E6
:101A700000F016BAC3F137020021E5E72DE9F84F6F
:101A80004FF47A7306460D46002402FB03F7DFF895
:101A90005080DFF8509098F900305FFA84FA5A1CB1
:101AA00001D0A34212D159F824002A4631460368D6
:101AB000D3F820B03B46D847854207D1074B0120D9
:101AC00083F800A0BDE8F88F0124E4E7002CFBD0E8
:101AD0004FF4FA7004F0F0FD0020F3E7DC3300204F
:101AE000102200201422002000232DE9F0471A467E
:101AF000054688460120194602F0E6FF044680208C
:101B000005F0D2FB0746002861D0002C5FD03B4E89
:101B100028464FF0800A736943F0C0637361D6F8BA
:101B2000143143F0C063C6F8143105F03FFA05EBF9
:101B3000080200FB05F34FF4D06C50434FF03D0E0C
:101B4000834233D23269520143D4D6F81021510175
:101B50003FD4216803F100628A602268D76022685E
:101B6000C2F804A02268C2F800C0D4F80090D9F8E6
:101B7000002042F00102C9F80020D4F80090D9F802
:101B8000002022F01E02C9F80020D4F80090D9F8F5
:101B90000020D207FBD494F80C90803361680EFAD1
:101BA00009F20A60CCE7002005F0DEFA204602F0D8
:101BB000CBFF384605F0B4FB104B5A6942F0C062C7
:101BC0005A61D3F8142142F0C062C3F81421BDE871
:101BD000F0870B4B9A6A42F400729A629A6A42F456
:101BE00000429A6261B60026012005F0BDFAB045B8
:101BF000D9D9A819013605F0F1F9F8E7002000520B
:101C000000ED00E0002307B5024601210DF10700B9
:101C10008DF80730FFF732FF20B19DF8070003B0C1
:101C20005DF804FB4FF0FF30F9E700000A4604219D
:101C300008B5FFF723FF80F00100C0B2404208BDA5
:101C4000074B0A4630B41978064B53F82140014639
:101C500023682046DD69044BAC4630BC604700BFBA
:101C6000DC33002014220020A086010070B5104C47
:101C70000025104E05F09EF92080306823888342AD
:101C80000CD800252088013805F090F923880544F8
:101C9000013BB5F5802F2380F4D370BD05F086F9A4
:101CA000336805440133B5F5003F3360E5D3E8E719
:101CB000DE3300209833002005F056BA00F10060B2
:101CC00000F500300068704700F10060920000F5F8
:101CD000003005F0CBB90000054B1A68054B1B8896
:101CE0009B1A834202D9104405F060B90020704766
:101CF00098330020DE33002038B50446074D29B163
:101D000028682044BDE8384005F068B928682044B8
:101D100005F052F90028F3D038BD00BF98330020F9
:101D20000020704700F1FF5000F58F10D0F8000838
:101D300070470000064991F8243033B1002308228F
:101D4000086A81F82430FFF7BFBF0120704700BF49
:101D50009C330020014B1868704700BF0010005CE6
:101D6000194B01380322084470B51D68174BC5F3A1
:101D70000B042D0C1E88A6420BD15C680A46013C60
:101D8000824213460FD214F9016F4EB102F8016B73
:101D9000F6E7013A03F10803ECD181420B4602D287
:101DA0002C2203F8012B0424094A1688AE4204D1E0
:101DB000984284BF967803F8016B013C02F104025B
:101DC000F3D1581A70BD00BF0010005C1C22002027
:101DD00078910008022804D1054B4FF480329A61B3
:101DE00070470128FCD1024B4FF40032F7E700BFE7
:101DF00000040258022803D1044B01229A61704763
:101E00000128FCD1014B0222F8E700BF0004025870
:101E1000022805D1064A536983F0010353617047D4
:101E20000128FCD1024A536983F00203F6E700BFA0
:101E30000004025870B504464FF47A764CB1412C38
:101E4000254628BF412506FB05F0641B04F034FC41
:101E5000F4E770BD002310B5934203D0CC5CC454AA
:101E60000133F9E710BD0000013810B510F9013F4A
:101E70003BB191F900409C4203D11AB10131013AC2
:101E8000F4E71AB191F90020981A10BD1046FCE74A
:101E900003460246D01A12F9011B0029FAD17047F5
:101EA00002440346934202D003F8011BFAE770474D
:101EB0002DE9F8431F4D14460746884695F824201F
:101EC00052BBDFF870909CB395F824302BB92022D8
:101ED000FF2148462F62FFF7E3FF95F824004146B3
:101EE000C0F1080205EB8000A24228BF2246D6B20C
:101EF0009200FFF7AFFF95F82430A41B17441E444F
:101F00009044E4B2F6B2082E85F82460DBD1FFF7E6
:101F100011FF0028D7D108E02B6A03EB820383422C
:101F2000CFD0FFF707FF0028CBD10020BDE8F88312
:101F30000120FBE79C330020024B1A78024B1A70F9
:101F4000704700BFDC3300201022002038B51A4C47
:101F50001A4D204603F0A8FE2946204603F0D0FE85
:101F60002D684FF47A70D5F89020D2F8043843F0F9
:101F70000203C2F80438FFF75DFF1149284603F059
:101F8000CDFFD5F890200F4DD2F80438286823F003
:101F900002030D49A042C2F804384FF4E1330B604C
:101FA00001D003F0DFFD6868A04204D00649BDE817
:101FB000384003F0D7BD38BD384000207499000880
:101FC0007C99000814220020C43300200C4B70B50B
:101FD0000C4D04461E780C4B55F826209A420DD025
:101FE0000A4B002118221846FFF75AFF04600146E9
:101FF00055F82600BDE8704003F0B4BD70BD00BFC9
:10200000DC3300201422002038400020C43300209C
:1020100008B571B6054B1988054B1888FFF764FDA4
:1020200002210E20FFF760FD61B608BDDE330020FF
:102030009833002030B50A44084D91420DD011F874
:10204000013B5840082340F30004013B2C4013F0AF
:10205000FF0384EA5000F6D1EFE730BD2083B8EDEE
:102060000121884238BF084605F056B908B105F08D
:1020700057B9704710B5084C01220849002001F0FB
:10208000C1FE23783BB1064803F0E4FC044803F0AA
:1020900017FD0023237010BDE03300208891000855
:1020A000C03600202DE9F041234C244E236DBBB9EE
:1020B00001224FF4004104F1500005F091FA236D24
:1020C0001B686BB901224FF4805104F1500005F0F8
:1020D00087FA236D1B681BB900203070BDE8F081C2
:1020E00033780BB1FFF7C6FF0324154F4FF00008FC
:1020F000114D13492846C7F8048003F0D3FC284645
:1021000003F00CFB38B1013C284603F0D9FC14F075
:10211000FF04E1D0EDE70B4901220B4801F072FE0C
:10212000014618B1284603F095FCECE7074800F09B
:102130000FF80120D1E700BFC0360020E0330020B7
:102140003422002088910008E43300208C9100089C
:102150000FB4002004B07047006870470346006861
:10216000596870470B0A017043700B0C090E83709D
:10217000C1707047110A027003714170110C120E88
:102180008170C2701A0A42711A0C1B0E8271C371DF
:1021900070470000C36A0239023B8B4283BF438908
:1021A000006C01FB0300002070470000C2F307230E
:1021B0008A76CB760378032B01BF120C0A75120ABC
:1021C0004A75704700F10B010022D30143EA520324
:1021D00010F8012B52FA83F38842DAB2F5D1104697
:1021E0007047000010B541780446002001310246D6
:1021F0004901022A16BFA35C032203EBC03302F19C
:1022000001021EBF9BB203EB500398B29142F0D87B
:1022100010BD000002684AB1134613F8011B1F29C4
:102220000DD93A29F9D1911C8B4202D04FF0FF30E1
:1022300070471278302AF9D1036000207047014BB3
:10224000187870473036002038B50D46044618B966
:10225000092000232B6038BD0368002BF8D01A78C2
:10226000002AF5D08188DA889142F1D1587804F0BB
:10227000BFFB10F00100EBD12368EBE738B50D464A
:1022800040F25231144602F0B9F9FF2807D9012C67
:102290000BD9030A022468702B70204638BD30B178
:1022A000002CFAD001242870F7E70024F5E7044653
:1022B000F3E700002DE9F8430026D0F8008005463A
:1022C0000C468E76836B002B4AD098F80030042B96
:1022D0004BD133463546402720E0B7F5187F80F0D4
:1022E000C480F90606F1010608BF0237D05B023749
:1022F0002BB900F5205292B2B2F5006F0DD305F163
:102300001A01C5F1FF0240EA03402144FFF7B6FF7E
:10231000002800F0AA80054400200346D8F81020C9
:1023200092F82310B142D8D8002B40F09E80002DA7
:1023300000F09B8000232544AB766373D8F810200F
:10234000137903F03701DB0621730BD402F1380057
:10235000FFF704FFC4E9000193896381D3892381D6
:10236000BDE8F88300200146F4E7C36C01335ED179
:10237000EA6B00232E26551E184615F8011F013062
:1023800020290CD0052908BFE521092804D10B2BF1
:102390009EBFE71801337E73E718013379730B286A
:1023A000EBD1E11800204873A17E00294BD1002B0E
:1023B00040D06FF00C0604F10D000825361B3318D1
:1023C00010F8011B002938D02E298BB24AD0A3F176
:1023D0004101192903D8117B0D4200D0203303732A
:1023E000EDE7B9F1000F05D100F520539BB2B3F52D
:1023F000006F0BD307F11A01C7F1FF0240EA094051
:102400002144FFF73BFF48B10744002002368146D4
:10241000D8F80C30985B0028E3D13846B9F1000FAA
:102420004FF0000218BF002023189A76A0E7B146AB
:102430003746EDE73F23A376012323440021997615
:10244000137B03B96373D37A02F11C0003F03F03DB
:1024500023730023FFF780FE20606360D38A6381CB
:10246000138B7CE710250B46B9E73F230125A376A4
:1024700060E7000038B50546002435F8020B08B9BE
:10248000204638BD02F0EEF86308C2B203EBC43355
:1024900012FA83F39AB2C0F3072303EB520303EB60
:1024A000C2339CB2E9E7000037B5C37804461BB9D4
:1024B0000025284603B030BD00F14C01826C012399
:1024C0004078019104F0BAFA054680B9A36BE07038
:1024D000A06C226BC31A9342EAD2A3780199022B13
:1024E000E6D102440123607804F0A8FAE1E701256F
:1024F000DFE7000038B5836C05460C468B4210D0F0
:10250000FFF7D2FF60B92246012305F14C0168783C
:1025100004F070FA00281CBF4FF0FF340120AC64B7
:1025200038BD0020FCE7000038B500230446C37026
:102530004FF0FF338364FFF7DDFF00284BD1B4F881
:102540004A524AF655239D4207D10B22254904F1F0
:102550004C0006F04BFD00283FD094F84C30EB2B9C
:1025600003D01833DBB2012B2ED84AF655239D42F7
:1025700006D108221C4904F19E0006F037FD48B33D
:10258000B4F85730B3F5007F1ED194F85930DBB161
:102590005A1E1A4218D1B4F85A30ABB194F85C30D4
:1025A000013B012B10D8B4F85D306BB1B4F85F304B
:1025B0007F2B06D804F16C00FFF7CEFDB0F5803F0D
:1025C00002D3B4F8623053B94AF6552085420CBFA5
:1025D0000220032038BD0420FCE70120FAE7002098
:1025E000F8E700BFB8910008C491000802392DE94E
:1025F000F04701F007044FF0010A466C05460AFA5D
:1026000004F41746984606EB1136C1F3C809E4B244
:10261000314628460136FFF76DFF18B10120BDE8AD
:10262000F087994605EB090292F84C30234214BF1B
:1026300001210021414513D06340013F82F84C3015
:1026400085F803A0EBD0640014F0FF04EAD109F18F
:10265000010301244FF00009B3F5007FE1D1D7E772
:102660000220DCE701290246F8B50C4640F28C80D6
:102670000668F36A8B4240F287803378013B032B74
:1026800000F28280DFE803F00229384B04EB5405A6
:10269000B16B304601EB5521FFF72CFF10B14FF025
:1026A000FF30F8BD6F1CC5F30805B16B30463544EB
:1026B00001EB572195F84C50FFF71CFF0028EED195
:1026C000C7F30807E3073E4496F84C0045EA0020AC
:1026D0004CBF0009C0F30B00E3E7B16B304601EBE0
:1026E0001421FFF707FF0028D9D1640004F4FF7418
:1026F0002644B6F84C00D4E7B16B304601EBD41158
:10270000FFF7F8FE0028CAD1A40006F14C0004F43B
:10271000FE742044FFF720FD20F07040C1E7D0E9AF
:102720000430D57953EA000101D0916801B95DBB4D
:102730009168022DA4EB01010DD1013B728940F19A
:10274000FF305B0A43EAC053B3FBF2F399421BD854
:102750001CD0601CA5E7032D02D193698B42F8D8E9
:10276000D3699BB9B16B304601EBD411FFF7C2FEC0
:10277000002894D1A0004C3600F4FE703044FFF7DE
:10278000EBFC20F000408CE701208AE76FF000406E
:1027900087E70000F8B5066804460D463378042B39
:1027A0000CBF4FF080524FF400128A4201D8022031
:1027B000F8BDCA06FBD182680163D2B9022B13D8D7
:1027C0003389B3EB551FF2D9F36BA363A36B626339
:1027D000002BECD003EB55234C36C5F30805002045
:1027E000A3633544E563E3E7F36BC271002BE7D0E5
:1027F0001A4677897F02BD42114604D23046FFF760
:10280000C9FCA063E2E72046FFF72CFF431C024609
:1028100006D00128CBD9F36A8342C8D9ED1BEAE779
:102820000120C5E701292DE9F04706460C46174669
:1028300008D9C36A8B4205D90378022B62D003D82A
:10284000012B22D0022552E0033B012BFAD8816BE9
:1028500001EBD411FFF74EFE0546002847D1A40036
:1028600006F14C0304F4FE741C443378042B07D0A7
:10287000204627F07047FFF76FFC00F070400743D9
:1028800039462046FFF76EFC2FE001EB5108816BC3
:1028900001EB5821FFF72EFE054640BB14F0010462
:1028A00006F14C0908F1010AC8F3080808BFFBB299
:1028B00030461FBF19F8083003F00F023B0103F048
:1028C000F00318BF134309F808300123B16BF3700C
:1028D00001EB5A21FFF70EFE054640B9CAF3080A7C
:1028E00044B1C7F3071709F80A700123F3702846AB
:1028F000BDE8F08719F80A30C7F3032723F00F0368
:102900001F43F0E7816B01EB1421FFF7F3FD054650
:102910000028ECD1640006F14C0304F4FF741F5549
:102920001919C7F307274F70DFE70000F8B5044611
:102930000E461746E3690BB91846F8BD012BA6EB06
:102940000305206814BFAA1C3A46691CFFF76AFFFA
:102950000028F2D1E369013BE361EBE701292DE9AE
:10296000F84306460C461746056802D80220BDE823
:10297000F883EB6A8B42F9D97AB9A14621463046F1
:10298000A046FFF76FFE0446B0B92B78042B02D1A6
:10299000002F43D1F7710020E9E72B78042B02D1F7
:1029A000C379022BE9D04FF0FF3239462846FFF7B2
:1029B00039FF0028E1D0DAE70128D7D0421C01D145
:1029C0000120D4E72B78042B19D1EA6AAB69023ACB
:1029D00093421CD308F10102A2420CD02B78042BA5
:1029E00008D10023A2EB090249462846FFF7FEFD65
:1029F0000028BCD1A146EB6AA342BFD8C5E700229C
:102A000041462846FFF70EFF0028DED0AFE701332E
:102A1000AB612B7943F001032B71DBE7F3798BB9C1
:102A2000B468BC4202D10223F371B4E721463046B8
:102A3000FFF718FE012899D9431CC1D00134844204
:102A4000EFD0A8E7032BA6D1B368BB42A3D8B269E5
:102A50001344BB429FD3E6E770B5C3790446032B0A
:102A600006D181688369CD18A94203D10023E3719F
:102A7000002070BD4E1C20683246FFF7D3FE0028B0
:102A8000F7D13146F0E700002DE9F7430546019103
:102A9000FFF70AFD0446002849D105F14C090199C8
:102AA00028464FF40072FFF775FB2146A8640746DD
:102AB0004846FFF7F5F96C896402B4F5004F28BF6A
:102AC0004FF40044B4F5007F2FD9204604F02CFCCD
:102AD000804630B122460021640A0026FFF7E0F963
:102AE00009E06408EEE72346BA194146687803F026
:102AF000A5FF18B926446B899E42F4D3404604F0E2
:102B000023FC6889801B18BF012003B0BDE8F08357
:102B100001366B899E42F4D20123BA19494668787E
:102B200003F08CFF0028F3D0EBE70026F1E701204B
:102B3000EBE70000F8B50446FFF7B6FC05460028B1
:102B400042D12378032B37D12779012F34D104F1D7
:102B50004C0601464FF400723046FFF7A1F95523A9
:102B60004122722184F84A32AA2304F50D7084F8B8
:102B70004F2084F84B32522384F8301284F84C30C2
:102B800084F84D30612384F8311284F84E3084F893
:102B90003332A16984F83222FFF7E4FA616904F55F
:102BA0000E70FFF7DFFA626B3B4631460132607808
:102BB000A26403F043FF257100226078114603F000
:102BC00061FF003818BF0120F8BD000000232DE987
:102BD000F0430B6085B00F461546FFF71BFB061E42
:102BE000C0F2B281804B53F82640002C00F0AE8139
:102BF0003C6005F0FE0523786BB1607803F0F8FEC9
:102C0000C70708D41DB110F0040500D00A252846D6
:102C100005B0BDE8F0830023F0B22370607003F0CC
:102C2000D3FEC10700F194810DB14207EED400211B
:102C30002046FFF779FC022840F099806E4604F2A6
:102C4000122304F25221324618461033FFF784FA59
:102C500042F8040B8B42F7D1002556F8041B0029DB
:102C60007DD02046FFF760FC012879D80128A26CAE
:102C700040F0C08004F1570304F18C0113F8015BAC
:102C8000002D7BD18B42F9D1B4F8B430B3F5807FFD
:102C900074D194F8B830092B70D104F19400FFF787
:102CA0005DFA4FF0FF33171841F10001BB4275EB9D
:102CB000010363D304F1A000FFF74EFA94F8BA3091
:102CC0002063012BA37059D194F8B99003FA09F944
:102CD0001FFA89F36381002B50D0444B04F1A80004
:102CE000FFF73AFA0646984248D8831C626304F11B
:102CF000A400E362FFF730FA00EB020804F19C0045
:102D0000C4F84080FFF728FA10441FFA89F2A06344
:102D100006FB02F313EB080345EB05029F4271EB40
:102D200002032BD32E4604F1AC00FFF715FAE06343
:102D300065B96389B34221D9E16B2046FFF72AFACE
:102D400081192046FFF7D6FB98B90136631993F82D
:102D50004C30812B14D02035C5F30805E8E703205B
:102D60000135042D7FF479AF042807D101E0042850
:102D700001D101254BE701287FF678AF0D2546E705
:102D800005F1140004F14C063044FFF7E5F9012881
:102D90000546F3D9E36A8342F0D96189821E236C28
:102DA00002FB01336364A16B204601EBD511FFF7F1
:102DB000A1FB0028DDD105F07F0006EB8000FFF7C6
:102DC000CBF9431C03D00135A842ECD0D6E704254B
:102DD000C4E90500064A257000251388E561013322
:102DE0009BB21380E38012E734360020FDFFFF7FA3
:102DF00038360020B4F85730B3F5007FBED1B4F8B0
:102E0000626026B904F17000FFF7A6F9064694F84F
:102E10005C302663591EA3700129AFD894F859502D
:102E20006581002DAAD0691E2942A7D1B4F85D8022
:102E300018F00F0FA4F80880A0D1B4F85F0018B9FB
:102E400004F16C00FFF788F9B4F85A10002995D006
:102E500006FB03FE01EB181CF44460458ED3A0EB87
:102E60000C00A842B0FBF5F388D33E48834285D8D6
:102E70004FF6F57083426DD903259F1C114402EB78
:102E80000C03032DE7626263A16323644CD1B4F8A1
:102E9000763053EA08037FF471AFBB0004F1780089
:102EA000FFF75AF9E06303F2FF13B6EB532FFFF479
:102EB00065AF4FF0FF33032DC4E905334FF08003B6
:102EC000237187D1B4F87C30012B83D1511C20466B
:102ED000FFF710FB00287FF47DAFB4F84A224AF6D2
:102EE000552320719A427FF475AF1F4B04F14C00BB
:102EF000FFF732F998427FF46DAF03F1FF5304F509
:102F00000C70FFF729F903F50053203398427FF442
:102F100061AF04F50D70FFF71FF9A06104F50E70A5
:102F2000FFF71AF9606155E7B8F1000F3FF426AFDB
:102F30007144022D4FEA4703E1631EBFD91907F020
:102F4000010303EB5103AEE70B2560E60C255EE6BB
:102F500003255CE640F6F575AB428CBF02250125E2
:102F60008BE700BFF5FFFF0F525261412DE9F84F8B
:102F700007460568884649B96E69C6B1EB6AB3422F
:102F800098BF0126AB69A3B9002405E0FFF76AFBEF
:102F90000128044603D801242046BDE8F88F421CCE
:102FA00000F0D280EB6A8342F6D84646EAE7012673
:102FB000E8E72A78EB6A042A40F08380A6F1020A47
:102FC000023B4FF0010B9A4528BF4FF0000AD14653
:102FD000696C284601EB1931FFF78CFA00283BD1C8
:102FE00009F00703EA6AC9F3C8010BFA03F3901E5C
:102FF000DBB26A184C4609F1010992F84C20814570
:1030000002EA030233BF5B0000234FF40071DBB21E
:1030100028BF9946B2B90234631E0333BCD80123DA
:10302000214628461A46FFF7E1FA0228B3D00128C4
:1030300000F08A80B8F1000F13D10223FB71002841
:10304000A9D130E0CA450AD0002BD2D10131B1F567
:10305000007FBDD20123CCE74FF0FF34DCE7002432
:10306000DAE7FB79022B07D1731CA342E7D0BB68D8
:10307000F31ABB610323FB7108F10102FB69A24251
:1030800005D113B10133FB61D9E70223FBE70BB98B
:103090000123FB61224641463846FFF747FC0028E2
:1030A0004FD10123FB61EA6AAB69023A6C6193423A
:1030B0009CBF03F1FF33AB612B7943F001032B710C
:1030C0006AE7464514D1741C3846A34298BF0224CF
:1030D0002146FFF7C7FA01283FF45DAF431C33D008
:1030E000E0B16B69012B03D9EA6A934238BF1E46EF
:1030F00034460134EB6AA34203D8012E7FF644AF75
:10310000022421463846FFF7ADFA48B101283FF4C2
:1031100042AF013018D0B442EBD135E7002CE7D0F4
:103120004FF0FF3221462846FFF77CFB48B9B8F143
:10313000000FB8D0224641462846FFF773FB00280F
:10314000B1D001287FF427AF4FF0FF3424E700000F
:103150002DE9F84306680446076B89463378203723
:10316000042B0CBF4FF080534FF40013BB429CBFA5
:1031700000238363836B73B1C7F30808B8F1000FB2
:103180003CD10133416B836339B93389B3EB571FAA
:1031900034D80023A36304200AE07389013B13EAB7
:1031A00057232BD1FFF75EFA0128054602D80220EB
:1031B000BDE8F883421C01D10120F9E7F36A83429C
:1031C00016D8B9F1000FE4D0616B2046FFF7CEFEB0
:1031D0000546C8B10128EAD0431CEDD0014630466F
:1031E000FFF752FC0028E7D1E37943F00403E371D1
:1031F000294630466563FEF7CDFFA0634C360020BC
:1032000027634644E663D3E70720D1E7F8B50E46C7
:10321000002104460768FFF7BDFA98B90546A16B7F
:103220003846FFF767F968B93A78E36B042A1B78E8
:103230000CD11B060ED5054601212046FFF788FF5D
:103240000028ECD0042808BF072006E0E52B01D0B9
:10325000002BF0D10135B542EED1F8BDC16C4B1C4D
:103260002DE9F04104460568066B1FD1E5274FF0B4
:103270000108A16B2846FFF73DF998B92A78E36B5E
:10328000042A09BF1A781F7002F07F021A7085F8AD
:103290000380236BB3420DD200212046FFF758FF75
:1032A0000028E6D0042808BF022003E0FFF772FAE6
:1032B0000028DBD0BDE8F0812DE9F041054600682B
:1032C000A96B0669FFF716F9044620B9EB6B1A786B
:1032D000852A03D002242046BDE8F081324603F15E
:1032E000200153F8040B8B4242F8040BF9D1777894
:1032F00001377F01A7F16003B3F5007FEAD8002111
:103300002846FFF725FF04280446E3D00028E2D131
:10331000A96B2868FFF7EEF804460028DBD1EB6BB9
:103320001A78C02AD6D106F1200203F1200153F801
:10333000040B8B4242F8040BF9D196F823300F228C
:103340002C33B3FBF2F3B7EB431FC3D34FF040086A
:1033500000212846FFF7FCFE04280446BAD00028C6
:10336000B9D1A96B2868FFF7C5F804460028B2D187
:10337000EB6B1A78C12AADD1B8F5187F09D206EBEC
:10338000080203F1200153F8040B8B4242F8040BAE
:10339000F9D108F120084745DAD8B8F5187F9AD84E
:1033A0003046FEF71FFF7388834294D092E70000F7
:1033B0000B68002210B5036004460B6A83604B6AF9
:1033C000C261C37123F0FF03896AC0E90432C1649A
:1033D000FFF7E0F920B92046BDE81040FFF76CBFC9
:1033E00010BD0000F8B50368054601271C6920469A
:1033F000FEF7F8FEA070000A6678E0702846E96CD7
:10340000FFF7C8F920B1022828BF0220C0B2F8BDDA
:10341000A96B2868FFF76EF80028F4D1EB6B04F174
:10342000200254F8041B944243F8041BF9D12B6882
:10343000DF70002EE7D000212846013EFFF788FE0E
:10344000E0E700002DE9F8434FF0FF080646076863
:10345000042445464FF6FF79B16B11B9002C73D0A7
:1034600063E03846FFF746F8044600285DD1F06B6C
:103470000378002B6ED03A78042A11D1852B4DD1D8
:10348000336B3046F364FFF717FF044600284CD136
:103490003B691B7903F03F03B3712046BDE8F88315
:1034A000C27AE52B02F03F02B27143D02E2B41D0FD
:1034B00022F0200108293DD00F2A40D1590637D5E6
:1034C00003F0BF05336B90F80D80F364437B4345F5
:1034D00030D1428B72BB03780D21FC6823F040038E
:1034E000DFF874E0013B4B4301211EF801CB30F8BB
:1034F0000CC009B3FF2B1DD824F813C0614601335B
:1035000001320D2AF1D10278520605D521B1FF2BE7
:1035100010D8002224F81320013DEDB200213046DE
:10352000FFF716FE0446002896D00023B363B4E7E5
:10353000AB42CBD0FF25F1E7CC45E1D0FAE72DB97E
:10354000FEF740FE404501D10024A6E74FF0FF33CF
:10355000F364A2E70424E8E7609200082DE9F04F45
:10356000002187B00446D0F80090FFF713F9804699
:1035700070B999F80030042B33D1D9F80C00FEF75C
:1035800079FF07462046FFF75DFF054620B18046DC
:10359000404607B0BDE8F08FD9F810309A8CBA4297
:1035A000F0D193F823B040265D4506D1D9F80C3010
:1035B00033F81530002BE5D1EAE7F106D9F81030E1
:1035C00008BF0236985B01F04DF8D9F80C308246FE
:1035D00033F8150001F046F88245D3D102360135A3
:1035E000E2E74FF0FF0A4FF0FF3B5546C4F84CB0FE
:1035F000A16B4846FEF77EFF00285CD1E66B37786A
:10360000002F77D0F27AE52F02F03F03A37103D0A9
:10361000120704D50F2B04D0C4F84CB04FE00F2B89
:1036200054D194F84B3058063FD4790645D5236BD6
:1036300007F0BF0796F80DA0E364737B53453ED1B6
:10364000738B002B3BD135780121D9F80C3005F074
:103650003F0501930D23013D5D43284B13F8012BDA
:10366000B25A71B3FF2D059329D81046049200F089
:10367000F9FF6B1C03900293019B33F8150000F0D7
:10368000F1FF039981421AD1049A029D1146059BCC
:103690001B4A9342E2D133785A0604D519B1019BF3
:1036A00033F815305BB97D1EEDB200212046FFF7DF
:1036B0004FFD00289CD080466AE7BD42BDD0FF2563
:1036C000F3E74FF6FF708242E2D0F8E72DB93046BB
:1036D000FEF778FD50453FF45BAF94F84B30DB07C5
:1036E0009AD40B2204F14001304605F07FFC0028FB
:1036F00092D14DE74FF004084AE700BF60920008FE
:103700006D9200082DE9F04F90F84BB099B0044647
:103710001BF0A00540F068810668F26832F81530A9
:10372000002B4AD13378042B40F087800F230E35CD
:103730002046B5FBF3F5A91CFFF768FD814600287C
:1037400077D1236B0135A3EB4515E3795A07E5647F
:1037500035D523F004032046E371FFF77DF950BB14
:103760004FF0FF32616B2046FFF7E0F818BBA3680B
:103770002BB3214604A8FFF71BFEE0B970894FF474
:103780000071D4E90423E0FB01233069C4E9042378
:103790003830FEF7EFFC3069D4E904232830FEF717
:1037A000E9FCE379326904A843F0010382F821308F
:1037B000FFF718FE18B181463BE00135AEE7D6E9C8
:1037C0000354402200212046FEF76AFB8523012195
:1037D00040222370C0234FF0C10C04EB010884F891
:1037E000203000231E469E46571C04F802C0F0B24B
:1037F000023204F807E021B135F8131009B10133A2
:10380000DBB20F0AA15408F802700232D706F2D1D7
:1038100035F813700136002FE6D184F82330831C6D
:1038200028466370FEF726FE84F82400000A84F818
:103830002500484619B0BDE8F08F04F140070DF1AE
:10384000100A1BF0010F97E807008AE8070000F054
:10385000D38040234FF0010884F84B30BC46F36816
:10386000B8F1050F9AE80700ACE803002CF8022B2A
:103870004FEA12428CF8002059D9981E424630F87F
:10388000021F002942D10DF10F0C072102F00F0E8B
:10389000914612090EF13000392888BF0EF1370029
:1038A00001390CF8010902D0B9F10F0FEED818ABAD
:1038B0007E205A1802F8580C38460022914206D051
:1038C00010F801CB02F1010EBCF1200F31D104F14F
:1038D0003F0C072902F1010297BF18AB20205818AE
:1038E000013198BF10F8580C072A0CF80200F0D9E3
:1038F0002046FFF733FE8146002878D108F1010801
:10390000B8F1640FAAD14FF0070992E74FF0100CFD
:1039100001F0010E49080EEB4202D30344BF82F4CA
:10392000883282F02102BCF1010CF1D1A7E74246B6
:10393000A9E77246C2E7216B2046A1EB4511FEF7CD
:1039400029FF814600287FF474AF4FF6FF78384690
:10395000FEF738FC0190A16B3046FEF7CBFD8146A7
:1039600000287FF466AFE36BE9B2019A4FF00D0CCB
:10397000D6F80CE05A734FF00F02DFF8E0A0DA72CD
:103980004A1E18730CFB02F284469876D87640459E
:103990001AF8019B0CF1010C18BF3EF8120003EB62
:1039A000090B18BF013203F809004FEA102900285B
:1039B00008BF4046BCF10D0F8BF80190E7D14045A0
:1039C00002D03EF812200AB941F0400119700123DB
:1039D00000212046F370FFF7BBFB814600287FF4EF
:1039E00028AF013DB7D11BE04FF0060921E70428BD
:1039F0007FF41FAF84F84BB01BF0020F20461BBFB3
:103A00000C350D210125B5FBF1F518BF013529460F
:103A1000FFF7FCFB814600287FF40BAF013D8AD104
:103A2000A16B3046FEF766FD814600287FF401AFAA
:103A300001462022E06BFEF733FAE36B03CF1860F8
:103A40005960BA7839889A72198194F84B30E26BD0
:103A500003F0180313730123F370EAE66092000881
:103A600010B504460A463430FEF776FB886004F150
:103A70003800FEF773FBC2E9040194F8213003F02B
:103A80000203D3710023D36110BD000003284B8BC8
:103A900004BF8A8A43EA0243184670472DE9F04F73
:103AA0000B7899B0044689462F2BD0F800B001D08E
:103AB0005C2B09D14A461378914601322F2BFAD05C
:103AC0005C2BF8D0002301E0DBF81C30A36000235E
:103AD000E3619BF80030042B1ED1A368E3B1DBF84F
:103AE0002030214604A82362DBF824306362DBF82F
:103AF0002830A362FFF75CFC0346002854D1DBF8B2
:103B0000102002F13800FEF727FBC4E9040392F805
:103B1000213003F00203E37199F800301F2B00F20B
:103B2000358180230021204684F84B3019B0BDE850
:103B3000F04FFEF72FBE49460B78894601312F2BF7
:103B4000FAD05C2BF8D01F2B8CBF00250425012F49
:103B50002FD113882E2B31D1002322F8173004F1F6
:103B600040029F428CBF2E21202101330B2B02F8F3
:103B7000011BF6D145F02005204684F84B50FFF795
:103B8000EDFC94F84B30002800F0E78004280BD1BE
:103B9000990603F0040240F1DC80002A00F0F68070
:103BA0008023002084F84B3019B0BDE8F08F042545
:103BB000CDE7022F02D153882E2BCAD0911E87BB8E
:103BC000002322F81730002F00F0118132F8130083
:103BD000194601332028F9D009B92E2801D145F022
:103BE0000305901E30F817302E2B01D0013FF9D17C
:103BF0004FF020334FF0000A6364D0462364C4F8CA
:103C000047300823481C32F811600090F6B1202E8E
:103C100003D02E2E0DD1B84210D045F003050099E7
:103C2000F0E731F81730202B01D02E2BC8D1013FFF
:103C3000C5E79A4505D20099B9423BD10B2B30D14B
:103C400001E00B2B27D145F003050B2394F840200E
:103C5000E52A04BF052284F84020082B04BF4FEA60
:103C600088085FFA88F808F00C030C2B03D008F0E2
:103C70000303032B01D145F00205A8073FF57CAFF4
:103C800018F0010F18BF45F0100518F0040F18BF09
:103C900045F0080570E70099B94202D045F00305E8
:103CA000D4D84FEA88080B234FF0080A00975FFA30
:103CB00088F8B4E77F2E15D9304640F25231CDE96D
:103CC000022345F00203019300F098FC10F0800FEE
:103CD0000646DDE9022316D000F07F0646498E5DD8
:103CE000019D46B331464548CDE9012305F0A8F9C9
:103CF000DDE90123F8B9A6F1410189B219291ED8DD
:103D000048F0020810E0FF28EAD9591E8A4503D37B
:103D100045F003059A4682E704EB0A01000A0AF11E
:103D2000010A019D81F8400004EB0A010AF1010A31
:103D300081F8406073E745F003055F26F4E7A6F1DC
:103D4000610189B219299EBF203E48F00108B6B230
:103D5000EAE7002A08BF052026E75A073FF524AF07
:103D6000A379DB0645D59BF80000042835D1A3686C
:103D70002146E27923622369DBF8100023F0FF0378
:103D800013436362E36CA362FFF76AFE23680027B4
:103D9000DA6819F8010B00283FF409AF40F25231FC
:103DA000009200F04BFC054608B31F28009A7FF6EE
:103DB000FEAE2F283FF4BFAE5C283FF4BCAE7F2898
:103DC00005D801460E4805F03BF9009A78B9FF2F57
:103DD0000DD022F817500137DBE7216B0BF14C03B4
:103DE000C1F308011944FFF751FEA060CEE7062099
:103DF000DAE60520D8E600BFE0910008D991000876
:103E0000D09100081FB5CDE9001003A81446039116
:103E1000FEF700FA002815DB0B4A52F820300BB1F0
:103E200000211970019B0BB10021197042F820305C
:103E30002CB1002201A96846FEF7C8FE04462046C0
:103E400004B010BD0B24FAE7343600202DE9F0470A
:103E500098B0904605460191002800F0528102F08A
:103E60003F0603A901A83246FEF7B0FE002840F045
:103E70004681039B4FF48C60049303F055FA074688
:103E8000002800F04081039B00F500720199D86082
:103E900004A81A61FFF702FE044620B99DF95B30C1
:103EA000002BB8BF062418F01C0F00F0CD80002CAA
:103EB0004CD0042C40D104A8FFF724FC0446002871
:103EC0003AD146F00806039B1A78042A40F0838012
:103ED000186929462B60FFF7C3FD039B1E220021B2
:103EE00018690230FDF7DCFF039C00211A222069CB
:103EF0002630FDF7D5FF236920221A71246903F0CB
:103F00004DFA0146012208342046FEF72BF9039BA7
:103F100004A81B6983F82120FFF764FA044658B906
:103F2000A96801B302462846FEF718FDAB68039A5C
:103F30000446013B5361B4B1384603F005FA0CB1B5
:103F400000232B60204618B0BDE8F0879DF816309E
:103F500013F0110F40F0848018F0040F40F0C98076
:103F600018F0080FAFD1039A31071399936C48BF2B
:103F700046F04006E964AB641078042872D1069BD1
:103F80009DF817102B62089B106923F0FF030B4369
:103F900029466B62179BAB62FFF762FDDDF80CA050
:103FA0000024002205F15008BAF8063021464046A8
:103FB000C5F800A0AB80002385F8306085F831405B
:103FC0006C64C5E90E234FF40072FDF769FFB20679
:103FD00053D40024B0E703F0E1F9014600901398B0
:103FE0000E30FEF7BFF8139800991630FEF7BAF8B6
:103FF000039C13992078FFF749FD20230022804677
:10400000CB7220461399FEF7D1F8139B00220121B1
:104010001A775A779A77DA77039BD970B8F1000F3D
:10402000A1D0414604A8D3F84890FEF797FC044677
:10403000002881D149460398FEF75CFA039B0446A9
:1040400008F1FF30586176E7002C7FF475AF9DF8DA
:104050001630DC064FD418F0020F84D0D80782D572
:10406000072469E7FFF712FD0023A86001F11C0097
:10407000FEF772F86B61286190E7D5E9046956EAAA
:104080000903A6D0BAF80AA0A9684FEA4A2AC5E9E6
:104090000E69B24574EB09031BD300242964002C7C
:1040A0007FF44AAFC6F30803002B92D0039C20464E
:1040B000FEF770F808B3760A0123414646EAC9566E
:1040C00082196A64607802F095FC041E18BF01240E
:1040D00032E72846FEF7C6FAB6EB0A06014669F152
:1040E0000009012803D9431CD3D10124D6E70224B7
:1040F000D4E7082420E704241EE702241CE7044632
:104100001EE709241EE711241CE700002DE9F04FEB
:10411000994685B00023884603A90446C9F80030B3
:104120001646FEF791F8054680BB94F831506DBBFA
:1041300094F8303013F00103009300F0A68004F1EE
:10414000500AD4E90432D4E90E011B1A62EB0102D1
:10415000B34272F1000238BF1E46BEB1D4E90E1060
:10416000C1F30803002B40F08280039B5A894B0A5D
:10417000013A43EAC0531A401BD151EA000309D166
:10418000A06801280DD8022584F83150284605B0D2
:10419000BDE8F08F216C20460192FEF763FA019A88
:1041A000EFE7431C04D10123009D84F83130EDE793
:1041B0002064DDF80CB0216C5846FDF7EBFF0028B9
:1041C000E1D0B6F5007F02EB000731D3BBF80A104F
:1041D00002EB5620730A88429BF8010088BF8B1AB5
:1041E0003A464146019302F005FC0028DBD194F9E0
:1041F0003020019B002A0BDA606CC01B984207D26A
:104200004FF40072514608EB4020FDF723FE019B5E
:104210005F02D9F80030F61BB8443B44C9F80030BF
:10422000D4E90E32DB1942F10002C4E90E3294E700
:10423000626CBA421AD094F93030002B0DDA0123A7
:1042400051469BF8010002F0F9FB0028ABD194F82D
:10425000303003F07F0384F83030039801233A466E
:104260005146407802F0C6FB00289CD16764A16BE0
:104270004046C1F30801C1F500775144B74228BF59
:1042800037463A46FDF7E6FDC3E707257EE700001F
:1042900070B596B00E460022019002A901A8FEF763
:1042A00095FC0446E0B94FF48C6003F03DF80546F8
:1042B000D8B1029B00F500720199D86002A81A617A
:1042C000FFF7ECFB044640B99DF95330002B0ADBA5
:1042D0001EB1314602A8FDF7EDFF284603F034F881
:1042E000204616B070BD0624F7E71124F8E7000059
:1042F00070B5B8B00222019003A901A8FEF766FCD0
:10430000044608BB039B4FF48C60109303F00CF839
:104310000546002866D0039B00F500720199D8601D
:1043200010A81A61FFF7BAFB044650B99DF88B300C
:10433000980655D4190653D49DF84630DA0706D5A9
:104340000724284603F000F8204638B070BD039BD0
:1043500004931878042814D104A91869FFF780FB86
:10436000069E9DF84630DB0610D410A8FEF776FFB7
:1043700004460028E5D156BB0398FEF7DBFB044654
:10438000DFE71F99FFF782FB0646EAE7039BDA693E
:10439000B242D5D024930021269624A81B78042B62
:1043A00001BFDDE90823CDE928239DF817308DF8FA
:1043B0009730FEF7EFF904460028C2D124A8FFF792
:1043C00041F804460028BBD00428BAD1CDE7024604
:1043D000314604A8FEF7C2FA04460028B1D1CBE763
:1043E0000624AEE71124AFE7F0B5BDB0CDE900106B
:1043F0006846FDF70FFF022203A901A8FEF7E6FBBE
:104400000446002841D1039B4FF48C60149302F0C2
:104410008BFF0546002800F0EE80039B00F500723C
:1044200014AE0199D8601A613046FFF737FB044695
:1044300040BB9DF89B3013F0A00F40F0D880039B49
:10444000009F1A78042A68D11B6904AC03F1400C60
:104450001868083353F8041C2246634503C2144607
:10446000F6D15022314628A8FDF7F4FC394628A899
:10447000FFF714FB044600284CD12A9A169B9A4257
:1044800006D00824284602F05FFF20463DB0F0BD6C
:10449000349A209B9A42F4D128A8FFF733F90446B6
:1044A0000028EFD1039B04AF1B6993F801E093F858
:1044B00023C09C8C3A46083303CAB24243F8080C26
:1044C00043F8041C1746F5D1039B28A81B6983F801
:1044D00001E0039B1A6982F823C01A6982F824401C
:1044E000240A82F825401A691379D9065CBF43F083
:1044F00020031371FEF776FF04460028C2D1304630
:10450000FEF7ACFE04460028BCD10398FEF712FB70
:104510000446B7E70428B5D1BEE7239A04AB02F1FD
:10452000200C1068083252F8041C1C46624503C473
:104530002346F6D15022314628A8FDF78BFC394698
:1045400028A8FFF7ABFA044600284CD12A9A169BFC
:104550009A4296D1349A209B9A4292D128A8FFF78A
:10456000D1F8044600288DD137990DF11D030DF1C6
:104570002D0001F10D0253F8044B834242F8044B25
:10458000F9D11888012710809B7893709DF81B3013
:10459000039CDA0658BF43F02003CB72E770CB7A56
:1045A000DB06ACD5169A2A9B9A42A8D02078FFF752
:1045B0006DFA01462046FDF7EDFD0146C8B12046E3
:1045C000FDF798FF044600287FF45CAF039890F84D
:1045D0006D302E2B93D12A9A00F16C01FDF7E6FD88
:1045E000039BDF708BE704287FF44CAFB6E706240B
:1045F00048E7022446E7112447E700007F2810B56A
:1046000001D880B210BDB0F5803F13D240F25233D2
:1046100099420FD10849002231F8024B93B28442EB
:1046200003D103F18000C0B2ECE70132802AF3D15C
:104630001346F6E70020E5E7209500087F280DD90E
:1046400040F25233994208D1FF2806D800F10040C9
:10465000034B803833F8100070470020704700BFCC
:1046600020950008B0F5803FF0B522D21F4A83B2F2
:104670001F49B0F5805F28BF0A46141D34F8042C8A
:104680002146AAB1934213D334F8025C2E0AEFB24A
:1046900052FA85F5A84222DA082E09D8DFE806F09A
:1046A000050A10121416181A1C00801A34F810305B
:1046B0001846F0BD981A00F001001B1A9BB2F7E7EC
:1046C000103BFBE7203BF9E7303BF7E71A3BF5E708
:1046D0000833F3E7503BF1E7A3F5E353EEE7043487
:1046E000002ECBD101EB4702C7E700BF7092000854
:1046F0006494000808B5074B074A196801F03D01AA
:10470000996053680BB190689847BDE8084003F082
:1047100065B800BF000002403C36002008B5084BD9
:104720001968890901F03D018A019A60054AD36838
:104730000BB110699847BDE8084003F04FB800BFBF
:10474000000002403C36002008B5084B1968090CEF
:1047500001F03D010A049A60054A53690BB1906962
:104760009847BDE8084003F039B800BF0000024098
:104770003C36002008B5084B1968890D01F03D0151
:104780008A059A60054AD3690BB1106A9847BDE85B
:10479000084003F023B800BF000002403C36002070
:1047A00008B5074B074A596801F03D01D960536AC3
:1047B0000BB1906A9847BDE8084003F00FB800BFFE
:1047C000000002403C36002008B5084B59688909B2
:1047D00001F03D018A01DA60054AD36A0BB1106B22
:1047E0009847BDE8084002F0F9BF00BF0000024052
:1047F0003C36002008B5084B5968090C01F03D0112
:104800000A04DA60054A536B0BB1906B9847BDE818
:10481000084002F0E3BF00BF000002403C36002029
:1048200008B5084B5968890D01F03D018A05DA6029
:10483000054AD36B0BB1106C9847BDE8084002F0F5
:10484000CDBF00BF000002403C36002008B5074B3A
:10485000074A196801F03D019960536C0BB1906CE7
:104860009847BDE8084002F0B9BF00BF000402400D
:104870003C36002008B5084B1968890901F03D0154
:104880008A019A60054AD36C0BB1106D9847BDE858
:10489000084002F0A3BF00BF000402403C360020E5
:1048A00008B5084B1968090C01F03D010A049A602B
:1048B000054A536D0BB1906D9847BDE8084002F072
:1048C0008DBF00BF000402403C36002008B5084BF5
:1048D0001968890D01F03D018A059A60054AD36D7A
:1048E0000BB1106E9847BDE8084002F077BF00BFDB
:1048F000000402403C36002008B5074B074A5968BF
:1049000001F03D01D960536E0BB1906E9847BDE840
:10491000084002F063BF00BF000402403C360020A4
:1049200008B5084B5968890901F03D018A01DA6030
:10493000054AD36E0BB1106F9847BDE8084002F0EE
:104940004DBF00BF000402403C36002008B5084BB4
:104950005968090C01F03D010A04DA60054A536FF9
:104960000BB1906F9847BDE8084002F037BF00BF19
:10497000000402403C36002008B5084B5968890DF8
:1049800001F03D018A05DA60054AD36F13B1D2F810
:1049900080009847BDE8084002F020BF00040240B4
:1049A0003C36002000230C4910B51A460B4C0B6016
:1049B00054F82300026001EB430004334260402BB3
:1049C000F6D1074A4FF0FF339360D360C2F8083442
:1049D000C2F80C3410BD00BF3C3600202096000801
:1049E000000002400F28F8B510D9102810D0112867
:1049F00011D0122808D10F240720DFF8C8E00126C3
:104A0000DEF80050A04208D9002653E00446F4E73F
:104A10000F240020F1E70724FBE706FA00F73D42E8
:104A20004AD1264C4FEA001C3D4304EB00160EEB26
:104A3000C000CEF80050C0E90123FBB273B120489A
:104A4000D0F8D83043F00103C0F8D830D0F80031A6
:104A500043F00103C0F80031D0F8003117F47F4F64
:104A60000ED01748D0F8D83043F00203C0F8D83041
:104A7000D0F8003143F00203C0F80031D0F8003123
:104A800054F80C00036823F01F030360056815F059
:104A90000105FBD104EB0C033D2493F80CC05F68C7
:104AA00004FA0CF43C6021240560446112B1987B47
:104AB00000F06AFC3046F8BD0130A3E720960008FC
:104AC000004402583C36002010B5302484F311888D
:104AD000FFF788FF002383F3118810BD10B504464B
:104AE000807B00F067FC01231549627B03FA02F228
:104AF0000B6823EA0203DAB20B6072B9114AD2F8EA
:104B0000D81021F00101C2F8D810D2F8001121F01C
:104B10000101C2F80011D2F8002113F47F4F0ED129
:104B2000084BD3F8D82022F00202C3F8D820D3F8DB
:104B3000002122F00202C3F80021D3F8003110BD99
:104B40003C3600200044025808B5302383F3118816
:104B5000FFF7C4FF002383F3118808BD836CC26A8A
:104B60008B42506810B506D95A1E4C0002EB410327
:104B7000B3FBF4F3184410BD01F001038A0748BFEA
:104B800043F002034A0748BF43F008030A0748BF3F
:104B900043F00403CA0648BF43F010038A06426B81
:104BA00048BF43F0200313434363704710B5074CDD
:104BB000204600F06BFF064B0022C4E91023054B92
:104BC000A364054BE363054BE36410BDC0360020CE
:104BD0000070005200B4C4041437002014390020BF
:104BE000C36A0BB9104BC3620379012B11D10F4B70
:104BF00098420ED10E4BD3F8D42042F48032C3F841
:104C0000D420D3F8FC2042F48032C3F8FC20D3F83F
:104C1000FC30436C00221A65DA621A605A605A62EC
:104C20004FF0FF329A63704720970008C03600208B
:104C3000004402580379012B24D0436C00221A65EA
:104C4000DA621A605A605A624FF0FF329A630E4B72
:104C5000984217D10D4BDA6F42F48032DA67DA6F7F
:104C600022F48032DA67DA6FD3F8D42022F480326B
:104C7000C3F8D420D3F8FC2022F48032C3F8FC20FF
:104C8000D3F8FC30704700BFC03600200044025803
:104C900010B5446C0649FFF761FF6060236842F27B
:104CA000107043F003032360BDE8104001F004BD21
:104CB000801A06000129F8B5466C0B4F09D17568BA
:104CC0000A493D40FFF74AFF054345F480557560AA
:104CD000F8BD746806493C40FFF740FF044344F4C4
:104CE00080547460F4E700BF00ECFFFF80F0FA022C
:104CF00040787D01436C00225A601A6070470000C2
:104D0000426C0129536823F4404304D0022905D0A2
:104D100001B95360704743F48043FAE743F400431A
:104D2000F7E70000436C41F480519A60D9605A6BF8
:104D30001206FCD580229A637047000010B541F43A
:104D40008851446CA260E160616B11F04502FBD0B8
:104D5000A26311F0040203D0FFF70EFF012010BD83
:104D6000616910461960FAE710B541F48851446C46
:104D7000A260E160616B11F04502FBD0A26311F00B
:104D8000050203D0FFF7F8FE012010BD616910464F
:104D90001960FAE773B5134604460E46302282F3D3
:104DA0001188426CD26B32B14FF0FF314030019329
:104DB00001F08EFC019B606C00220265C263C2623E
:104DC000456B15F4807504D185F31188012002B07C
:104DD00070BD4FF0FF31816382F31188012E06D937
:104DE0000C21204602B0BDE87040FFF7BDBF104661
:104DF000EDE7000073B5446C0E4600250192616B2F
:104E0000A1632565E562FFF7B7FE012E07D9019B77
:104E10002A460C2102B0BDE87040FFF7A5BF02B0E2
:104E200070BD000010B541F49851446CA260E1607F
:104E3000616B11F04502FBD0A26311F03F0203D079
:104E4000FFF79AFE012010BD216A10461960E16942
:104E50005960A16999606169D960F4E72DE9F74368
:104E600004460191006D01A91746984602F0D0FB57
:104E7000064600284AD0626C2046DDF8049055684A
:104E8000C5F3090501356B00A56CB5FBF3F54FF4CF
:104E90007A73B5FBF3F55D43556200F0BDFD50BB81
:104EA000636C4FF0FF3201254146C3F8589020460D
:104EB0001D659A634FF49572DA6342F207029F62AE
:104EC000DA62E36C0A9AFFF74FFFA0B9E26C104B6D
:104ED00011680B407BB929462046FFF75BFF05466A
:104EE00048B92E463A460199206D02F0C9FB30467A
:104EF00003B0BDE8F083E26C20460121FFF77AFFA2
:104F00003A460199206D02F0BBFBF0E70126EEE77F
:104F100008E0FFFD2DE9F7431F46436C01924FF473
:104F20007A725D6804468846C5F3090501356E004E
:104F3000856CB5FBF6F5B5FBF2F555435D6200F007
:104F40006BFD20B10125284603B0BDE8F0837E0249
:104F500001A9206D324602F05BFB05460028F1D026
:104F6000636C019AD4F84C909A6501221A654FF04F
:104F7000FF329A634FF49572DA639E62236BDB060D
:104F80004B4658BF4FEA4828012F42461BD91221F1
:104F90002046FFF7E9FEC0B9D9F80020104B1340B6
:104FA0009BB9636C42F2930239462046DA62E26CA6
:104FB000FFF7F0FE804640B932460199206D454624
:104FC00002F05EFBBFE71121E2E7E26C39462046C2
:104FD000FFF710FF32460199206D02F051FBB2E756
:104FE00008E0FFFD2DE9F3411F46436C01924FF4A9
:104FF0007A725D6804468846C5F3090501356E007E
:10500000856CB5FBF6F5B5FBF2F555435D6200F036
:1050100003FD20B10125284602B0BDE8F0817E02E3
:1050200001A9206D324602F043FB05460028F1D06D
:10503000636C019A9A6501221A654FF0FF329A63F8
:105040004FF48D72DA639E62236BE66CDB063346A7
:1050500058BF4FEA4828012F424619D91921204646
:10506000FFF782FEB0B932680F4B134093B9636CFF
:1050700042F2910239462046DA62E26CFFF78AFE7C
:10508000064638B901993546206D02F04DFBC2E75E
:105090001821E4E739462046E26CFFF7ABFE0199A0
:1050A000206D02F041FBB6E708E0FFFD12F0030FB0
:1050B0002DE9F04107460C4615461E4617D00E4412
:1050C000B44202D10020BDE8F0810123FA6B2146F1
:1050D0003846FFF71FFF0028F5D128464FF400722D
:1050E000F96B05F500750134FCF7B4FEE8E7BDE89F
:1050F000F041FFF70FBF000012F0030F2DE9F04160
:1051000007460C4615461E4617D00E44B44202D13F
:105110000020BDE8F08129464FF40072F86B05F5D8
:105120000075FCF797FE0123FA6B21463846FFF71E
:1051300059FF0028EDD10134E8E7BDE8F041FFF761
:1051400051BF000000207047302310B583F3118851
:105150000024436C40302146DC6301F0C7FA84F33D
:10516000118810BD026843681143016003B11847FC
:1051700070470000024A136843F0C0031360704791
:105180000048004013B50E4C204600F0DFFC04F14F
:10519000140000234FF400720A49009400F07AF9D9
:1051A000094B4FF40072094904F13800009400F0F3
:1051B000F3F9074A074BC4E9172302B010BD00BF3B
:1051C000183900208439002075510008843B0020E4
:1051D0000048004000E1F505037C30B5244C00296F
:1051E00018BF0C46012B11D1224B98420ED1224BF5
:1051F000D3F8E82042F48022C3F8E820D3F8102145
:1052000042F48022C3F81021D3F810312268036ED3
:10521000C16D03EB52038466B3FBF2F362681504BD
:1052200042BF23F0070503F0070343EA4503CB60C1
:10523000A36843F040034B60E36843F001038B60D5
:1052400042F4967343F001030B604FF0FF330B629F
:10525000510505D512F0102205D0B2F1805F04D0BF
:1052600080F8643030BD7F23FAE73F23F8E700BFC2
:105270002897000818390020004402582DE9F0470B
:10528000C66D05463768F469210734621AD014F0F8
:10529000080118BF4FF48071E20748BF41F02001B8
:1052A000A3074FF0300348BF41F04001600748BFFB
:1052B00041F0800183F31188281DFFF753FF00237D
:1052C00083F31188E2050AD5302383F311884FF464
:1052D0008061281DFFF746FF002383F311884FF0FC
:1052E00030094FF0000A14F0200838D13B0616D5DB
:1052F0004FF0300905F1380A200610D589F31188DE
:10530000504600F07DF9002836DA0821281DFFF705
:1053100029FF27F080033360002383F31188790687
:1053200014D5620612D5302383F31188D5E91323EF
:105330009A4208D12B6C33B127F040071021281D69
:10534000FFF710FF3760002383F31188E30618D5B9
:10535000AA6E1369ABB15069BDE8F047184789F3ED
:105360001188736A284695F86410194000F008FC0B
:105370008AF31188F469B6E7B06288F31188F4699A
:10538000BAE7BDE8F0870000090100F1604301229F
:1053900003F56143C9B283F8001300F01F039A407C
:1053A00043099B0003F1604303F56143C3F8802187
:1053B0001A60704700F01F0301229A40430900F170
:1053C00060409B0000F5614003F1604303F56143D9
:1053D000C3F88020C3F88021002380F80033704791
:1053E000F8B51546826804460B46AA4200D2856885
:1053F000A1692669761AB5420BD218462A46FCF7EF
:1054000029FDA3692B44A3612846A3685B1BA36005
:10541000F8BD0CD9AF1B18463246FCF71BFD3A46C7
:10542000E1683044FCF716FDE3683B44EBE71846BF
:105430002A46FCF70FFDE368E5E700008368934226
:10544000F7B50446154600D28568D4E90460361ADB
:10545000B5420BD22A46FCF7FDFC63692B4463611D
:105460002846A3685B1BA36003B0F0BD0DD932468C
:10547000AF1B0191FCF7EEFC01993A46E06831441C
:10548000FCF7E8FCE3683B44E9E72A46FCF7E2FC6A
:10549000E368E4E710B50A440024C361029B84601A
:1054A000C16002610362C0E90000C0E9051110BDDE
:1054B00008B5D0E90532934201D1826882B9826889
:1054C000013282605A1C426119700021D0E9043215
:1054D0009A4224BFC368436101F022F9002008BD4D
:1054E0004FF0FF30FBE7000070B5302304460E4656
:1054F00083F31188A568A5B1A368A269013BA360E5
:10550000531CA36115782269934224BFE368A36109
:10551000E3690BB120469847002383F3118828469E
:1055200007E03146204601F0EBF80028E2DA85F387
:10553000118870BD2DE9F74F04460E461746984670
:10554000D0F81C904FF0300A8AF311884FF0000B0E
:10555000154665B12A4631462046FFF741FF03460E
:1055600060B94146204601F0CBF80028F1D0002375
:1055700083F31188781B03B0BDE8F08FB9F1000FF9
:1055800003D001902046C847019B8BF31188ED1A88
:105590001E448AF31188DCE7C160C361009B82600E
:1055A0000362C0E905111144C0E9000001617047C0
:1055B000F8B504460D461646302383F31188A768D4
:1055C000A7B1A368013BA36063695A1C62611D70A7
:1055D000D4E904329A4224BFE3686361E3690BB102
:1055E00020469847002080F3118807E03146204686
:1055F00001F086F80028E2DA87F31188F8BD000090
:10560000D0E9052310B59A4201D182687AB982683F
:105610000021013282605A1C82611C7803699A421F
:1056200024BFC368836101F07BF8204610BD4FF0B2
:10563000FF30FBE72DE9F74F04460E461746984624
:10564000D0F81C904FF0300A8AF311884FF0000B0D
:10565000154665B12A4631462046FFF7EFFE034660
:1056600060B94146204601F04BF80028F1D00023F4
:1056700083F31188781B03B0BDE8F08FB9F1000FF8
:1056800003D001902046C847019B8BF31188ED1A87
:105690001E448AF31188DCE70379052B05BF836A72
:1056A000002001204B6004BF4FF400730B60704773
:1056B00070B55D1E866A04460D44B54205D9436B3C
:1056C00043F080034363012070BD06250571FFF799
:1056D000EDFC05232371F7E770B55D1E866A04466D
:1056E0000D44B54205D9436B43F080034363012069
:1056F00070BD07250571FFF7FFFC05232371F7E750
:1057000038B505790446052D05D108230371FFF747
:1057100019FD257138BD0120FCE700000323F0B519
:10572000037185B00446FFF7B3FA00222046114604
:10573000FFF7F8FA4FF4D57203AB08212046FFF7C4
:1057400013FB0246B8B901232363039BC3F303236E
:10575000012B09D103AB37212046FFF705FB18B910
:10576000A44B039A1340ABB120460125FFF7C2FAC0
:105770000223237137E103AB002237212046FFF7D4
:10578000F3FA28B99B4A039B1A40002A00F0A7802D
:1057900002232363236B03F00F03022B40F0A98045
:1057A0006425954E42F2107000F086FF03AB32463E
:1057B00001212046FFF7C2FA0028D5D1039B002B18
:1057C00080F293805A0003D5236B43F010032363C8
:1057D000002204F1080302212046FFF723FB0246C2
:1057E0000028C1D104F1380303212046FFF7BCFA99
:1057F0000028B9D104F11805A26B092120462B46D7
:10580000FFF710FB0028AFD102ABA26B07212046A7
:10581000FFF7AAFA06460028A6D1236B03F00F0370
:10582000022B40F08F807E227F21284603F032F940
:10583000012840F28780E76B42F2107000F03CFFD5
:1058400008234FF40072394620460096FFF706FB06
:10585000002889D1384603F06BF9236BA06203F06E
:105860000F03022B72D103AB644A06212046FFF7D7
:105870007BFA002871D15F49039B1940B1FA81F18D
:1058800049092046FFF716FA02AB4FF400721021C7
:105890002046FFF769FA054600287FF465AF554EAC
:1058A000029B33427FF460AF236B13F00E0F03F0C3
:1058B0000F0273D0022A7FF457AFE36A19780129E7
:1058C00000F09480022900F09380002900F0898084
:1058D0004B4F2046FFF714FA03AB3A4676E01146E9
:1058E00020462263FFF71EFA54E7013D7FF45AAFCA
:1058F0003AE7444D6426444A3E4F012B18BF1546F3
:1059000003AB002237212046FFF72EFA00287FF450
:105910002BAF039B3B427FF427AF03AB2A462921E1
:105920002046FFF70BFA00287FF41EAF039B002BE5
:10593000FFF648AF013E3FF417AF42F2107000F09F
:10594000BBFEDDE7284603F0C7F886E77E227F210D
:105950002846E66B03F09EF808B9002191E7002382
:1059600040223146204600930623FFF777FA0028AD
:10597000F3D1B3895BBA9B07EFD5244B4022314664
:10598000204600930623FFF769FA0028E5D1317C11
:1059900001F00F010F3918BF012172E7E36A19788E
:1059A000F9B101297FF4E0AE2046FFF7A9F903AB76
:1059B000A26B37212046FFF7D7F900287FF4D4AE39
:1059C000039B33427FF4D0AE03AB02220621204674
:1059D000FFF7CAF900287FF4C7AE039B33427FF478
:1059E000C3AE05232371284605B0F0BD084F70E70C
:1059F000084F6EE708E0FFFD0080FFC00001B9031B
:105A00000000B7030080FF5000001080F1FFFF800E
:105A10000001B7030002B70337B504460C4D01ABD4
:105A2000A26B0D212046FFF79FF978B9019B2B420D
:105A30000BD1C3F34323042B08D0053B022B04D81E
:105A40004FF47A7000F038FEE9E7012003B030BD72
:105A500008E0FFFD70B53023054683F31188037914
:105A60000024022B03D184F31188204670BD042347
:105A7000037184F311880226FFF7CEFF04462846FF
:105A8000FFF738F92E71F0E7FFF790B8044B036089
:105A90000123037100234363C0E90A33704700BF49
:105AA0004097000810B53023044683F31188C16283
:105AB000FFF796F802230020237180F3118810BDB0
:105AC00010B53023044683F31188FFF7B3F80023A1
:105AD0000122E362227183F3118810BD02684368DA
:105AE0001143016003B11847704700001430FFF7FD
:105AF00021BD00004FF0FF331430FFF71BBD000045
:105B00003830FFF797BD00004FF0FF333830FFF714
:105B100091BD00001430FFF7E7BC00004FF0FF31EB
:105B20001430FFF7E1BC00003830FFF741BD000042
:105B30004FF0FF323830FFF73BBD0000012914BFA2
:105B40006FF0130000207047FFF71CBB044B03608D
:105B500000234360C0E9023301230374704700BF90
:105B60006497000810B53023044683F31188FFF7CB
:105B700033FB02230020237480F3118810BD000042
:105B800038B5C36904460D461BB904210844FFF724
:105B9000A5FF294604F11400FFF78AFC002806DA65
:105BA000201D4FF40061BDE83840FFF797BF38BDB6
:105BB000026843681143016003B118477047000051
:105BC00013B5406B00F58054D4F8A4381A681178E6
:105BD000042914D1017C022911D1197901231289D8
:105BE0008B4013420BD101A94C3002F081FED4F856
:105BF000A4480246019B2179206800F0DFF902B039
:105C000010BD0000143002F003BE00004FF0FF335F
:105C1000143002F0FDBD00004C3002F0D5BE000093
:105C20004FF0FF334C3002F0CFBE0000143002F0D2
:105C3000D1BD00004FF0FF31143002F0CBBD0000A9
:105C40004C3002F0A1BE00004FF0FF324C3002F0A9
:105C50009BBE00000020704710B500F58054D4F8BA
:105C6000A4381A681178042917D1017C022914D1AB
:105C70005979012352898B4013420ED1143002F01E
:105C800063FD024648B1D4F8A4484FF440736179EB
:105C90002068BDE8104000F07FB910BD406BFFF7F1
:105CA000DBBF0000704700007FB5124B01250426C2
:105CB000044603600023057400F184024360294612
:105CC000C0E902330C4B0290143001934FF440733F
:105CD000009602F015FD094B04F69442294604F1A2
:105CE0004C000294CDE900634FF4407302F0DCFDF8
:105CF00004B070BD8C9700089D5C0008C15B000873
:105D00000A68302383F311880B790B3342F82300A0
:105D10004B79133342F823008B7913B10B3342F8DC
:105D2000230000F58053C3F8A41802230374002055
:105D300080F311887047000038B5037F044613B123
:105D400090F85430ABB90125201D0221FFF730FF38
:105D500004F114006FF00101257700F0EDFC04F16F
:105D60004C0084F854506FF00101BDE8384000F059
:105D7000E3BC38BD10B5012104460430FFF718FF1D
:105D80000023237784F8543010BD000038B5044652
:105D90000025143002F0CCFC04F14C00257702F011
:105DA0009BFD201D84F854500121FFF701FF204680
:105DB000BDE83840FFF750BF90F8803003F0600333
:105DC000202B06D190F881200023212A03D81F2AF6
:105DD00006D800207047222AFBD1C0E91D3303E01A
:105DE000034A426707228267C3670120704700BFEA
:105DF0003C22002037B500F58055D5F8A4381A6844
:105E0000117804291AD1017C022917D119790123AB
:105E100012898B40134211D100F14C04204602F04C
:105E20001BFE58B101A9204602F062FDD5F8A44836
:105E30000246019B2179206800F0C0F803B030BD14
:105E400001F10B03F0B550F8236085B004460D4610
:105E5000FEB1302383F3118804EB8507301D082140
:105E6000FFF7A6FEFB6806F14C005B691B681BB1DF
:105E7000019002F04BFD019803A902F039FD0246A2
:105E800048B1039B2946204600F098F8002383F38D
:105E9000118805B0F0BDFB685A691268002AF5D078
:105EA0001B8A013B1340F1D104F18002EAE70000B4
:105EB000133138B550F82140ECB1302383F3118809
:105EC00004F58053D3F8A4281368527903EB8203B6
:105ED000DB689B695D6845B104216018FFF768FEC7
:105EE000294604F1140002F039FC2046FFF7B4FE05
:105EF000002383F3118838BD7047000001F06CBDAA
:105F000001234022002110B5044600F8303BFBF786
:105F1000C7FF0023C4E9013310BD000010B53023D2
:105F2000044683F311882422416000210C30FBF7E2
:105F3000B7FF204601F072FD02230020237080F39A
:105F4000118810BD70B500EB8103054650690E46FF
:105F50001446DA6018B110220021FBF7A1FFA069F6
:105F600018B110220021FBF79BFF31462846BDE8FF
:105F7000704001F059BE000083682022002103F028
:105F8000011310B5044683601030FBF789FF2046EB
:105F9000BDE8104001F0D4BEF0B4012500EB81044F
:105FA00047898D40E4683D43A4694581236000230F
:105FB000A2606360F0BC01F0F1BE0000F0B4012506
:105FC00000EB810407898D40E4683D4364690581E5
:105FD00023600023A2606360F0BC01F067BF000093
:105FE00070B5022300250446242203702946C0F818
:105FF00088500C3040F8045CFBF752FF204684F8D0
:10600000705001F0A5FD63681B6823B12946204646
:10601000BDE87040184770BD0378052B10B50446E5
:106020000AD080F88C300523037043681B680BB1DD
:10603000042198470023A36010BD000001780529C2
:1060400006D190F88C20436802701B6803B1184792
:106050007047000070B590F87030044613B100230B
:1060600080F8703004F18002204601F08DFE6368F4
:106070009B68B3B994F8803013F0600535D00021E7
:10608000204602F07FF90021204602F06FF9636894
:106090001B6813B1062120469847062384F8703008
:1060A00070BD204698470028E4D0B4F88630A26F2F
:1060B0009A4288BFA36794F98030A56F002B4FF0F8
:1060C000300380F20381002D00F0F280092284F871
:1060D000702083F3118800212046D4E91D23FFF7A7
:1060E0006DFF002383F31188DAE794F8812003F031
:1060F0007F0343EA022340F20232934200F0C5805C
:1061000021D8B3F5807F48D00DD8012B3FD0022B8A
:1061100000F09380002BB2D104F188026267022262
:10612000A267E367C1E7B3F5817F00F09B80B3F519
:10613000407FA4D194F88230012BA0D1B4F88830EC
:1061400043F0020332E0B3F5006F4DD017D8B3F53A
:10615000A06F31D0A3F5C063012B90D863682046AF
:1061600094F882205E6894F88310B4F88430B047C5
:10617000002884D0436863670368A3671AE0B3F517
:10618000106F36D040F6024293427FF478AF5C4BFA
:1061900063670223A3670023C3E794F88230012BCF
:1061A0007FF46DAFB4F8883023F00203A4F8883090
:1061B000C4E91D55E56778E7B4F88030B3F5A06F02
:1061C0000ED194F88230204684F88A3001F01EFD0A
:1061D00063681B6813B1012120469847032323708D
:1061E0000023C4E91D339CE704F18B03636701239B
:1061F000C3E72378042B10D1302383F31188204682
:10620000FFF7BAFE85F311880321636884F88B5089
:1062100021701B680BB12046984794F88230002B00
:10622000DED084F88B300423237063681B68002B56
:10623000D6D0022120469847D2E794F884302046F1
:106240001D0603F00F010AD501F090FD012804D0CE
:1062500002287FF414AF2B4B9AE72B4B98E701F001
:1062600077FDF3E794F88230002B7FF408AF94F8C1
:10627000843013F00F01B3D01A06204602D502F085
:1062800099F8ADE702F08AF8AAE794F88230002B7B
:106290007FF4F5AE94F8843013F00F01A0D01B0604
:1062A000204602D502F06EF89AE702F05FF897E711
:1062B000142284F8702083F311882B462A4629463D
:1062C0002046FFF769FE85F31188E9E65DB11522E6
:1062D00084F8702083F3118800212046D4E91D231F
:1062E000FFF75AFEFDE60B2284F8702083F3118835
:1062F0002B462A4629462046FFF760FEE3E700BF0B
:10630000BC970008B4970008B897000838B590F813
:1063100070300446002B3ED0063BDAB20F2A34D848
:106320000F2B32D8DFE803F0373131082232313118
:106330003131313131313737856FB0F886309D4298
:1063400014D2C3681B8AB5FBF3F203FB12556DB977
:10635000302383F311882B462A462946FFF72EFE69
:1063600085F311880A2384F870300EE0142384F832
:106370007030302383F31188002320461A461946D3
:10638000FFF70AFE002383F3118838BDC36F03B102
:1063900098470023E7E70021204601F0F3FF0021A2
:1063A000204601F0E3FF63681B6813B10621204615
:1063B00098470623D7E7000010B590F870300446E0
:1063C000142B29D017D8062B05D001D81BB110BD2E
:1063D000093B022BFBD80021204601F0D3FF00210E
:1063E000204601F0C3FF63681B6813B106212046F5
:1063F0009847062319E0152BE9D10B2380F870305C
:10640000302383F3118800231A461946FFF7D6FD7F
:10641000002383F31188DAE7C3689B695B68002B6C
:10642000D5D1C36F03B19847002384F87030CEE70D
:106430000023826880F8243083691B689968914240
:10644000FBD25A68036042601060586070470000D9
:106450000023826880F8243083691B689968914220
:10646000FBD85A68036042601060586070470000B3
:1064700008B50846302383F3118891F82430032BA4
:1064800005D0042B0DD02BB983F3118808BD8B6A7E
:1064900000221A604FF0FF338362FFF7C9FF002329
:1064A000F2E7D1E9003213605A60F3E7034610B512
:1064B0001B68984203D09C688A689442F8D25A6854
:1064C0000B604A601160596010BD0000FFF7B0BF5B
:1064D00038B50B4B1C68DD6885F8240022685360D2
:1064E0001A600122DC60A36884F82420934201D161
:1064F00001F038F929462046BDE83840F9F782BF57
:10650000883D00200C4B30B5DD684B1C87B004463D
:106510000FD02B46094A684600F0A2F92046FFF743
:10652000D7FF009B13B1684600F0A4F9A86A07B032
:1065300030BDFFF7CDFFF9E7883D0020716400080A
:10654000044B1A68DB6890689B68984294BF0020EF
:1065500001207047883D002038B50C4B1C68DD6871
:10656000226853601A600122DC6084F82420AB6842
:10657000934201D101F0F8F82846FFF769FF014680
:106580002046BDE83840F9F73DBF00BF883D0020F8
:10659000044B1A68DB6892689B689A4201D9FFF73E
:1065A000DBBF7047883D002038B50123084C00252B
:1065B0002370656002F0EAFA02F010FB0549064814
:1065C00002F0E6FB0223237085F3118838BD00BF7B
:1065D00030400020C4970008883D002000F080B9BA
:1065E000034A516853685B1A9842FBD8704700BF52
:1065F000001000E08B604B630023CA6100F12802A9
:106600000B6302230A618B840123886181F82630A1
:1066100001F11003C26A4A611360C36201F12C03E5
:106620000846CB6270470000D0E90131026841F8AA
:10663000183CA1F19C033839CB60036941F8243C34
:10664000436941F8203C034B41F8043CC3680248CD
:10665000FFF7D0BF1D040008883D002008B5FFF7F4
:10666000E3FFBDE80840FFF731BF000038B50E4B2F
:10667000DC6804F12C05A062E06AA8420FD194F80E
:1066800026303BB994F825309B0702BFD4E9043289
:1066900013605A600F20BDE83840FFF719BF036848
:1066A000E362FFF713FFE7E7883D0020302383F321
:1066B0001188FFF7DBBF000008B50146302383F3E4
:1066C00011880820FFF71EFF002383F3118808BDFF
:1066D000054BDB6821B1036098620320FFF712BF0E
:1066E0004FF0FF30704700BF883D002003682BB19A
:1066F0000022026018469962FFF7E8BE704700006A
:10670000064BDB6839B1426818605A601360436019
:106710000420FFF7F7BE4FF0FF307047883D0020A0
:106720000368984206D01A68026050601846996261
:10673000FFF7CCBE7047000038B504460D46206810
:10674000844200D138BD036823605C608562FFF736
:10675000BDFEF4E7036810B59C68A2420CD85C68E3
:106760008A600B604C602160596099688A1A9A604F
:106770004FF0FF33836010BD121B1B68ECE7000075
:106780000A2938BF0A2170B504460D460A26601949
:1067900002F0F6F902F0DEF9041BA54203D8751CDD
:1067A00004462E46F3E70A2E04D90120BDE87040C6
:1067B00002F0B6BB70BD0000F8B5144B0D460A2AB6
:1067C0004FF00A07D96103F11001826038BF0A2235
:1067D000416019691446016048601861A81802F008
:1067E000BFF902F0B7F9431B0646A34206D37C1C4F
:1067F00028192746354602F0C3F9F2E70A2F04D9D3
:106800000120BDE8F84002F08BBBF8BD883D0020B8
:10681000F8B506460D4602F09DF90F4A134653F8A7
:10682000107F9F4206D12A4601463046BDE8F84017
:10683000FFF7C2BFD169BB68441A2C1928BF2C4688
:10684000A34202D92946FFF79BFF2246314603485F
:10685000BDE8F840FFF77EBF883D0020983D00204E
:10686000C0E90323002310B45DF8044B4361FFF734
:10687000CFBF000010B5194C236998420DD0816834
:10688000D0E9003213605A609A680A449A60002383
:1068900003604FF0FF33A36110BD0268234643F845
:1068A000102F53600022026022699A4203D1BDE892
:1068B000104002F05FB9936881680B44936002F066
:1068C00049F92269E1699268441AA242E4D9114463
:1068D000BDE81040091AFFF753BF00BF883D0020F4
:1068E0002DE9F047DFF8BC8008F110072C4ED8F8EE
:1068F000105002F02FF9D8F81C40AA68031B9A42E6
:106900003ED814444FF00009D5E90032C8F81C40C5
:1069100013605A60C5F80090D8F81030B34201D126
:1069200002F028F989F31188D5E903312846984700
:10693000302383F311886B69002BD8D002F00AF959
:106940006A69A0EB040982464A450DD2022002F092
:10695000E7FA0022D8F81030B34208D15146284651
:10696000BDE8F047FFF728BF121A2244F2E712EB06
:1069700009092946384638BF4A46FFF7EBFEB5E716
:10698000D8F81030B34208D01444C8F81C00211ABB
:10699000A960BDE8F047FFF7F3BEBDE8F08700BF90
:1069A000983D0020883D002038B502F0D3F8054A14
:1069B000D2E90845031B181945F10001C2E9080195
:1069C00038BD00BF883D002010B560B90748047984
:1069D0000368053C9B6818BF0124984708B144F040
:1069E0000404204610BD0124FBE700BFC036002090
:1069F000FFF7EABF2DE9F047884617469A46044656
:106A0000B0B90D4E3579052D05D003240DE0013DBB
:106A100015F0FF050ED03268534639463046D2F89D
:106A200014904246C8470028F1D12046BDE8F087BF
:106A30000424FAE70124F8E7C03600202DE9F047E6
:106A4000884617469A460446B0B90D4E3579052D4D
:106A500005D003240DE0013D15F0FF050ED032688E
:106A6000534639463046D2F818904246C847002867
:106A7000F1D12046BDE8F0870424FAE70124F8E7C5
:106A8000C036002037B50C46154670B951B1012902
:106A90000BD10748694603681B6A984710B9019BE8
:106AA00004462B60204603B030BD0424FAE700BF43
:106AB000C036002000207047FEE70000704700004D
:106AC0004FF0FF30704700004B6843608B68836075
:106AD000CB68C3600B6943614B6903628B69436296
:106AE0000B6803607047000008B53C4B40F2FF7133
:106AF0003B48D3F888200A43C3F88820D3F888207D
:106B000022F4FF6222F00702C3F88820D3F888201D
:106B1000D3F8E0200A43C3F8E020D3F808210A4361
:106B2000C3F808212F4AD3F808311146FFF7CCFFEC
:106B300000F5806002F11C01FFF7C6FF00F58060E0
:106B400002F13801FFF7C0FF00F5806002F1540147
:106B5000FFF7BAFF00F5806002F17001FFF7B4FFA4
:106B600000F5806002F18C01FFF7AEFF00F5806058
:106B700002F1A801FFF7A8FF00F5806002F1C4014F
:106B8000FFF7A2FF00F5806002F1E001FFF79CFF34
:106B900000F5806002F1FC01FFF796FF02F58C71B1
:106BA00000F58060FFF790FF01F09CFC0E4BD3F8DE
:106BB000902242F00102C3F89022D3F8942242F0CE
:106BC0000102C3F894220522C3F898204FF06052C6
:106BD000C3F89C20054AC3F8A02008BD0044025811
:106BE00000000258D897000800ED00E01F000803DD
:106BF00008B501F071FDFFF7D7FC104BD3F8DC208E
:106C000042F04002C3F8DC20D3F8042122F0400215
:106C1000C3F80421D3F80431094B1A6842F0080282
:106C20001A601A6842F004021A6000F085FD00F054
:106C30003FFBBDE8084000F0B5B800BF0044025873
:106C4000001802480120704700207047704700007C
:106C500002290CD0032904D00129074818BF0020BD
:106C60007047032A05D8054800EBC2007047044866
:106C700070470020704700BFD89900084C220020C0
:106C80008C99000870B59AB005460846144601A9CB
:106C900000F0C2F801A8FBF7FBF8431C0022C6B2C3
:106CA0005B001046C5E9003423700323023404F866
:106CB000013C01ABD1B202348E4201D81AB070BD92
:106CC00013F8011B013204F8010C04F8021CF1E76F
:106CD00008B5302383F311880348FFF78BF80023AE
:106CE00083F3118808BD00BF3840002090F8803041
:106CF00003F01F02012A07D190F881200B2A03D14B
:106D00000023C0E91D3315E003F06003202B08D1F8
:106D1000B0F884302BB990F88120212A03D81F2A9B
:106D200004D8FFF749B8222AEBD0FAE7034A4267B2
:106D300007228267C3670120704700BF43220020FB
:106D400007B5052917D8DFE801F01916031919202E
:106D5000302383F31188104A01210190FFF7F2F8E4
:106D6000019802210D4AFFF7EDF80D48FFF70EF8E4
:106D7000002383F3118803B05DF804FB302383F311
:106D800011880748FEF7D8FFF2E7302383F3118814
:106D90000348FEF7EFFFEBE72C9900085099000835
:106DA0003840002038B50C4D0C4C2A460C4904F1F3
:106DB0000800FFF767FF05F1CA0204F11000094956
:106DC000FFF760FF05F5CA7204F118000649BDE837
:106DD0003840FFF757BF00BF105900204C22002059
:106DE0000C990008169900082199000870B504460E
:106DF00008460D46FBF74CF8C6B22046013403782E
:106E00000BB9184670BD32462946FBF72DF800280D
:106E1000F3D10120F6E700002DE9F04705460C46C6
:106E2000FBF736F82B49C6B22846FFF7DFFF08B15B
:106E30000736F6B228492846FFF7D8FF08B11036C2
:106E4000F6B2632E0BD8DFF88C80DFF88C90234FDE
:106E5000DFF894A02E7846B92670BDE8F087294661
:106E60002046BDE8F04702F0F9B8252E2ED10722C2
:106E700041462846FAF7F8FF70B9194B224603F14C
:106E80000C0153F8040B8B4242F8040BF9D11B8818
:106E900007350E341380DDE7082249462846FAF705
:106EA000E3FF98B9A21C0F4B197802320909C95D9A
:106EB00002F8041C13F8011B01F00F015345C95DD2
:106EC00002F8031CF0D118340835C3E7013504F883
:106ED000016BBFE7F8990008219900080F9A000894
:106EE000009A000800E8F11F0CE8F11FBFF34F8F74
:106EF000044B1A695107FCD1D3F810215207F8D17D
:106F0000704700BF0020005208B50D4B1B78ABB98D
:106F1000FFF7ECFF0B4BDA68D10704D50A4A5A6039
:106F200002F188325A60D3F80C21D20706D5064AFE
:106F3000C3F8042102F18832C3F8042108BD00BF60
:106F40006E5B0020002000522301674508B5114BFD
:106F50001B78F3B9104B1A69510703D5DA6842F070
:106F60004002DA60D3F81021520705D5D3F80C217E
:106F700042F04002C3F80C21FFF7B8FF064BDA6875
:106F800042F00102DA60D3F80C2142F00102C3F8AA
:106F90000C2108BD6E5B0020002000520F289ABF14
:106FA00000F5806040040020704700004FF400307E
:106FB00070470000102070470F2808B50BD8FFF766
:106FC000EDFF00F500330268013204D10430834242
:106FD000F9D1012008BD0020FCE700000F2838B5DA
:106FE00005463FD8FFF782FF1F4CFFF78DFF4FF09C
:106FF000FF3307286361C4F814311DD82361FFF7FC
:1070000075FF030243F02403E360E36843F0800369
:10701000E36023695A07FCD42846FFF767FFFFF7B0
:10702000BDFF4FF4003100F0B7FA2846FFF78EFF9E
:10703000BDE83840FFF7C0BFC4F81031FFF756FF76
:10704000A0F108031B0243F02403C4F80C31D4F868
:107050000C3143F08003C4F80C31D4F810315B07D5
:10706000FBD4D9E7002038BD002000522DE9F84FAD
:1070700004460D46104644EA0203DE0602D0002014
:10708000BDE8F88F20F01F00DFF8D4B0DFF8D4A0FF
:10709000FFF73AFF05EB0008454503D10120FFF754
:1070A00055FFEDE720222946204601F09FFF10B949
:1070B00020342035F0E7234604F120021F68791CB4
:1070C000DDD104339342F9D104F178432048214EB5
:1070D000B3F5801F204B38BF184603F1F80332BFC9
:1070E000D946D1461E46FFF701FF0760A4EB050C09
:1070F000336805F11C0143F0020333602B1FD9F8FC
:10710000007017F00507FAD153F8042F8B424CF8A2
:107110000320F4D1BFF34F8FFFF7E8FE4FF0FF33AA
:107120000360336823F002033360BFF34F8F0B4BD0
:10713000C3F85C42BFF34F8FBFF36F8F2022294605
:10714000204601F053FF0028B2D03846A7E700BF21
:10715000142100520C2000521420005200ED00E0D7
:10716000102000521021005210B5084C237828B18D
:107170001BB9FFF7C9FE0123237010BD002BFCD003
:107180002070BDE81040FFF7E1BE00BF6E5B00203D
:107190002DE9F04F0D4685B0814658B111F00D062E
:1071A00014BF2022082211F00803019304D0431ECB
:1071B000034269D0002435E0002E37D009F11F01C9
:1071C00021F01F094FF00108314F05F00403DFF8EB
:1071D000CCA005EA080BBBF1000F32D07869C007DC
:1071E0002FD408F101080C37B8F1060FF3D19EB97E
:1071F000284D4946A819019201F012FD04460028C5
:1072000039D12036019AA02EF3D1494601F008FD6C
:10721000044600282FD1019A49461F4801F000FD7D
:10722000044660BB204605B0BDE8F08F0029C9D1F7
:1072300001462846029201F0F3FC0446D8B9029AAE
:10724000C0E713B178694107CBD5AC0702D578699F
:107250008007C6D5019911B178690107C1D54946A2
:107260000AEB4810CDE9022301F0DAFC0446DDE91F
:1072700002230028B5D04A460021204601E04A46B4
:107280000021FAF70DFECDE70246002E96D199E7D0
:10729000209A0008B05B0020705B0020905B00200B
:1072A0000021FFF775BF00000121FFF771BF00004B
:1072B00000231A4670B51A600433B3F5806FFAD113
:1072C000104D0124104E06EB441001342A6955F884
:1072D0000C1F01F091FC062CF5D137254FF4C0545A
:1072E0002046FFF7E1FF014628B122460748BDE8E6
:1072F000704001F081BCC4EBC404013D4FEAD404EA
:10730000EED170BD209A0008905B0020705B0020D9
:107310000421FFF73DBF00004843FFF7C1BF000055
:1073200008B101F0EFBC7047B0F5805F10B50446BE
:1073300007D8FFF7EDFF28B92046BDE81040FFF75A
:10734000AFBF002010BD0000FFF7EABF70B5AAB1C3
:1073500040EA010313F01F030FD1094C0144A56853
:107360006D0706D52568A84203D366683544A9424F
:1073700004D903330C34122BF1D10022104670BD16
:10738000209A000808B501F0D3FD034AD2E9003283
:10739000C01842EB010108BD505C0020434BD3E90B
:1073A00000232DE9F34113437CD0FFF7EBFF404A64
:1073B00000230027F9F740F806460D463D4A002312
:1073C000F9F73AF80023144630462946394AF9F7C6
:1073D00033F84FF461613C23ADF80170B4FBF1F573
:1073E000B4FBF3F601FB154103FB16464624B1FB43
:1073F000F3F1314BF6B28DF8004098423CD84FF093
:10740000640C4FF4C87EA30704F26C7225D1B2FB62
:10741000FCF30CFB132313BBB2FBFEF30EFB132296
:10742000B2FA82F35B0903F26D18621C8045D2B296
:1074300017D90FB18DF800400022204C4FF00C0CF2
:1074400017460CFB0343D4B2013213F804C0844541
:107450000CD8A0EB0C000127F5E70023E3E701239C
:10746000E1E7A0EB080014460127CCE70FB18DF847
:107470000140431C8DF802309DF80100431C9DF82B
:1074800000005038400640EA43509DF8023040EA80
:10749000034040EA560040EAC52040EA411002B0ED
:1074A000BDE8F0814FF40410F9E700BF505C002004
:1074B00040420F008051010090230B00689A0008A1
:1074C0000244074BD2B210B5904200D110BD441C0B
:1074D00000B253F8200041F8040BE0B2F4E700BF1B
:1074E000504000580E4B30B51C6F240405D41C6F5F
:1074F0001C671C6F44F400441C670A4C0244236858
:10750000D2B243F480732360074B904200D130BD68
:10751000441C51F8045B00B243F82050E0B2F4E799
:1075200000440258004802585040005807B5012254
:1075300001A90020FFF7C4FF019803B05DF804FB28
:1075400013B50446FFF7F2FFA04205D0012201A9BE
:1075500000200194FFF7C6FF02B010BD10B56424EF
:10756000013C4FF47A70FFF7A7F814F0FF04F7D14D
:10757000084B4FF4805214249A614FF400729A61C0
:10758000013C4FF47A70FFF797F814F0FF04F7D13D
:1075900010BD00BF001002580144BFF34F8F064BCF
:1075A000884204D3BFF34F8FBFF36F8F7047C3F888
:1075B0005C022030F4E700BF00ED00E00144BFF3BF
:1075C0004F8F064B884204D3BFF34F8FBFF36F8FAB
:1075D0007047C3F870022030F4E700BF00ED00E010
:1075E00070B5054616460C4601201021FFF794FEA3
:1075F000286046733CB1204636B1FFF789FE2B6800
:10760000186000B19C6070BDFFF74EFEF7E7000008
:10761000F8B50F461546044648B905F11F01012685
:10762000386821F01F01FFF7B7FF3046F8BD427BF5
:1076300029463868FFF78AFE06460028EDD13B68E8
:107640006360A368AB4210D213B12068FFF768FEF5
:10765000637B28462BB1FFF75BFE206020B9A0605A
:10766000E3E7FFF721FEF8E7A560206805F11F01B9
:10767000012621F01F013860FFF78EFF2673D4E743
:1076800070B50E4602F11F010446154621F01F0198
:107690003046FFF793FF4CB12168B14206D16068D4
:1076A00010B12A46FAF7D6FB0023237370BD000001
:1076B000F8B50F461446054648B904F11F010126E6
:1076C000386821F01F01FFF779FF3046F8BD427B93
:1076D00021463868FFF73AFE06460028EDD1AB6830
:1076E000A34210D213B12868FFF71AFE6B7B204625
:1076F0002BB1FFF70DFE286020B9A860E5E7FFF782
:10770000D3FDF8E7AC60396819B122462868FAF76A
:10771000A1FB286804F11F01012621F01F01386038
:10772000FFF74CFF2E73D0E720B103688B4204BFF4
:107730000023037370470000034B1A681AB9034A09
:10774000D2F8D0241A607047585C002000400258DC
:1077500008B5FFF7F1FF024B1868C0F3806008BD61
:10776000585C00207047000070470000EFF3098369
:10777000054968334A6B22F001024A6383F30988A2
:10778000002383F31188704700EF00E0302080F37E
:10779000118862B60D4B0E4AD96821F4E0610904E4
:1077A000090C0A430B49DA60D3F8FC2042F08072DE
:1077B000C3F8FC20084AC2F8B01F116841F001016B
:1077C00011602022DA7783F82200704700ED00E094
:1077D0000003FA0555CEACC5001000E0302310B50B
:1077E00083F311880E4B5B6813F4006314D0F1EE41
:1077F000103AEFF309844FF08073683CE361094B62
:10780000DB6B236684F30988FEF79AFE10B1064B02
:10781000A36110BD054BFBE783F31188F9E700BFB7
:1078200000ED00E000EF00E02F0400083204000843
:1078300070B5BFF34F8FBFF36F8F1A4A0021C2F8A4
:107840005012BFF34F8FBFF36F8F536943F4003370
:107850005361BFF34F8FBFF36F8FC2F88410BFF334
:107860004F8FD2F8803043F6E074C3F3C900C3F3FE
:107870004E335B0103EA0406014646EA817501398D
:10788000C2F86052F9D2203B13F1200FF2D1BFF3BE
:107890004F8F536943F480335361BFF34F8FBFF36E
:1078A0006F8F70BD00ED00E0FEE70000214B224825
:1078B000224A70B5904237D3214BC11EDA1C121AEE
:1078C00022F003028B4238BF00220021FAF7E8FAC7
:1078D0001C4A0023C2F88430BFF34F8FD2F88030A7
:1078E00043F6E074C3F3C900C3F34E335B0103EA0C
:1078F0000406014646EA81750139C2F86C52F9D294
:10790000203B13F1200FF2D1BFF34F8FBFF36F8FE6
:10791000BFF34F8FBFF36F8F0023C2F85032BFF316
:107920004F8FBFF36F8F70BD53F8041B40F8041BDB
:10793000C0E700BF649B0008D45D0020D45D002038
:10794000D45D002000ED00E0074BD3F8D81021EA09
:107950000001C3F8D810D3F8002122EA0002C3F8CE
:107960000021D3F8003170470044025870B5D0E9C7
:10797000244300224FF0FF359E6804EB421351016F
:10798000D3F80009002805DAD3F8000940F0804058
:10799000C3F80009D3F8000B002805DAD3F8000B70
:1079A00040F08040C3F8000B013263189642C3F8E0
:1079B0000859C3F8085BE0D24FF00113C4F81C3833
:1079C00070BD0000890141F02001016103699B063F
:1079D000FCD41220FEF704BE10B50A4C2046FEF778
:1079E0008FFA094BC4F89030084BC4F89430084C17
:1079F0002046FEF785FA074BC4F89030064BC4F8D2
:107A0000943010BD5C5C002000000840A49A00087F
:107A1000F85C002000000440B09A000870B50378BC
:107A20000546012B5CD1434BD0F89040984258D189
:107A3000414B0E216520D3F8D82042F00062C3F8F4
:107A4000D820D3F8002142F00062C3F80021D3F817
:107A50000021D3F8802042F00062C3F88020D3F8E0
:107A6000802022F00062C3F88020D3F88030FDF738
:107A70008BFC324BE360324BC4F800380023D5F85E
:107A80009060C4F8003EC02323604FF40413A36346
:107A90003369002BFCDA01230C203361FEF7A0FDD3
:107AA0003369DB07FCD41220FEF79AFD3369002B03
:107AB000FCDA00262846A660FFF758FF6B68C4F87A
:107AC0001068DB68C4F81468C4F81C6883BB1D4BDD
:107AD000A3614FF0FF336361A36843F00103A36028
:107AE00070BD194B9842C9D1134B4FF08060D3F849
:107AF000D82042F00072C3F8D820D3F8002142F019
:107B00000072C3F80021D3F80021D3F8802042F09E
:107B10000072C3F88020D3F8802022F00072C3F8EE
:107B20008020D3F88030FFF70FFF0E214D209EE715
:107B3000064BCDE75C5C0020004402584014004036
:107B400003002002003C30C0F85C0020083C30C03C
:107B5000F8B5D0F89040054600214FF00066204669
:107B6000FFF730FFD5F8941000234FF001128F6813
:107B70004FF0FF30C4F83438C4F81C2804EB43122B
:107B800001339F42C2F80069C2F8006BC2F80809CD
:107B9000C2F8080BF2D20B68D5F89020C5F89830DF
:107BA000636210231361166916F01006FBD11220D0
:107BB000FEF716FDD4F8003823F4FE63C4F800384D
:107BC000A36943F4402343F01003A3610923C4F8DD
:107BD0001038C4F814380B4BEB604FF0C043C4F8B6
:107BE000103B094BC4F8003BC4F81069C4F80039D5
:107BF000D5F8983003F1100243F48013C5F89820AB
:107C0000A362F8BD809A000840800010D0F8902050
:107C100090F88A10D2F8003823F4FE6343EA011387
:107C2000C2F80038704700002DE9F84300EB8103EB
:107C3000D0F890500C468046DA680FFA81F9480176
:107C4000166806F00306731E022B05EB41134FF076
:107C5000000194BFB604384EC3F8101B4FF0010169
:107C600004F1100398BF06F1805601FA03F39169FD
:107C700098BF06F5004600293AD0578A04F158010A
:107C8000374349016F50D5F81C180B430021C5F844
:107C90001C382B180127C3F81019A7405369611E1F
:107CA0009BB3138A928B9B08012A88BF5343D8F851
:107CB0009820981842EA034301F140022146C8F88F
:107CC0009800284605EB82025360FFF77BFE08EB25
:107CD0008900C3681B8A43EA845348341E43640105
:107CE0002E51D5F81C381F43C5F81C78BDE8F88321
:107CF00005EB4917D7F8001B21F40041C7F8001B1A
:107D0000D5F81C1821EA0303C0E704F13F030B4A2E
:107D10002846214605EB83035A60FFF753FE05EB27
:107D20004910D0F8003923F40043C0F80039D5F8E1
:107D30001C3823EA0707D7E7008000100004000280
:107D4000D0F894201268C0F89820FFF70FBE00000A
:107D50005831D0F8903049015B5813F4004004D0FA
:107D600013F4001F0CBF0220012070474831D0F8E7
:107D7000903049015B5813F4004004D013F4001F05
:107D80000CBF02200120704700EB8101CB68196A0B
:107D90000B6813604B6853607047000000EB810371
:107DA00030B5DD68AA691368D36019B9402B84BF68
:107DB000402313606B8A1468D0F890201C4402EBB7
:107DC0004110013C09B2B4FBF3F46343033323F0E5
:107DD000030343EAC44343F0C043C0F8103B2B689D
:107DE00003F00303012B0ED1D2F8083802EB411047
:107DF00013F4807FD0F8003B14BF43F0805343F06E
:107E00000053C0F8003B02EB4112D2F8003B43F0B4
:107E10000443C2F8003B30BD2DE9F041D0F890603A
:107E200005460C4606EB4113D3F8087B3A07C3F826
:107E3000087B08D5D6F814381B0704D500EB81035E
:107E4000DB685B689847FA071FD5D6F81438DB075C
:107E50001BD505EB8403D968CCB98B69488A5A686D
:107E6000B2FBF0F600FB16228AB91868DA68904275
:107E70000DD2121AC3E90024302383F3118821465E
:107E80002846FFF78BFF84F31188BDE8F0810123BA
:107E900003FA04F26B8923EA02036B81CB68002B9F
:107EA000F3D021462846BDE8F041184700EB810396
:107EB0004A0170B5DD68D0F890306C692668E660DC
:107EC00056BB1A444FF40020C2F810092A6802F089
:107ED0000302012A0AB20ED1D3F8080803EB4214B8
:107EE00010F4807FD4F8000914BF40F0805040F0B7
:107EF0000050C4F8000903EB4212D2F8000940F028
:107F00000440C2F800090122D3F8340802FA01F152
:107F10000143C3F8341870BD19B9402E84BF402006
:107F2000206020681A442E8A8419013CB4FBF6F4C0
:107F300040EAC44040F00050C6E700002DE9F84395
:107F4000D0F8906005460C464F0106EB4113D3F87C
:107F5000088918F0010FC3F808891CD0D6F810382A
:107F6000DB0718D500EB8103D3F80CC0DCF8143024
:107F7000D3F800E0DA68964530D2A2EB0E024FF05B
:107F800000091A60C3F80490302383F31188FFF7C7
:107F90008DFF89F3118818F0800F1DD0D6F8343882
:107FA0000126A640334217D005EB84030134D5F8EF
:107FB0009050D3F80CC0E4B22F44DCF8142005EB49
:107FC0000434D2F800E05168714514D3D5F8343840
:107FD00023EA0606C5F83468BDE8F883012303FAEE
:107FE00001F2038923EA02030381DCF80830002B45
:107FF000D1D09847CFE7AEEB0103BCF81000834225
:1080000028BF0346D7F8180980B2B3EB800FE3D836
:108010009068A0F1040959F8048FC4F80080A0EB1F
:1080200009089844B8F1040FF5D818440B4490603F
:108030005360C8E72DE9F84FD0F8905004466E69B8
:10804000AB691E4016F480586E6103D0BDE8F84F4E
:10805000FDF7C6BF002E12DAD5F8003E9B0705D00B
:10806000D5F8003E23F00303C5F8003ED5F80438E8
:10807000204623F00103C5F80438FDF7DFFF37057C
:1080800005D52046FFF772FC2046FDF7C5FFB0047A
:108090000CD5D5F8083813F0060FEB6823F47053AD
:1080A0000CBF43F4105343F4A053EB6031071BD5CE
:1080B0006368DB681BB9AB6923F00803AB61237805
:1080C000052B0CD1D5F8003E9A0705D0D5F8003E17
:1080D00023F00303C5F8003E2046FDF7AFFF6368B9
:1080E000DB680BB120469847F30200F1BA80B70273
:1080F00026D5D4F8909000274FF0010A09EB4712DB
:10810000D2F8003B03F44023B3F5802F11D1D2F80D
:10811000003B002B0DDA62890AFA07F322EA030317
:10812000638104EB8703DB68DB6813B139462046C3
:1081300098470137D4F89430FFB29B689F42DDD94D
:10814000F00619D5D4F89000026AC2F30A1702F0BB
:108150000F0302F4F012B2F5802F00F0CA80B2F5DE
:10816000402F09D104EB8303002200F58050DB6827
:108170001B6A974240F0B0803003D5F8185835D5C7
:10818000E90303D500212046FFF746FEAA0303D5E5
:1081900001212046FFF740FE6B0303D50221204654
:1081A000FFF73AFE2F0303D503212046FFF734FEE5
:1081B000E80203D504212046FFF72EFEA90203D5CD
:1081C00005212046FFF728FE6A0203D50621204636
:1081D000FFF722FE2B0203D507212046FFF71CFEE6
:1081E000EF0103D508212046FFF716FE700340F18A
:1081F000A780E90703D500212046FFF79FFEAA07C5
:1082000003D501212046FFF799FE6B0703D5022114
:108210002046FFF793FE2F0703D503212046FFF7E3
:108220008DFEEE0603D504212046FFF787FEA80643
:1082300003D505212046FFF781FE690603D50621F7
:108240002046FFF77BFE2A0603D507212046FFF7CD
:1082500075FEEB0574D520460821BDE8F84FFFF701
:108260006DBED4F890904FF0000B4FF0010AD4F897
:1082700094305FFA8BF79B689F423FF638AF09EB6B
:108280004713D3F8002902F44022B2F5802F20D101
:10829000D3F80029002A1CDAD3F8002942F09042D2
:1082A000C3F80029D3F80029002AFBDB3946D4F8AB
:1082B0009000FFF787FB22890AFA07F322EA0303FB
:1082C000238104EB8703DB689B6813B139462046A2
:1082D00098470BF1010BCAE7910701D1D0F8008054
:1082E000072A02F101029CBF03F8018B4FEA18280C
:1082F0003FE704EB830300F58050DA68D2F818C03A
:10830000DCF80820DCE9001CA1EB0C0C00218F42FA
:1083100008D1DB689B699A683A449A605A683A4483
:108320005A6029E711F0030F01D1D0F800808C4585
:1083300001F1010184BF02F8018B4FEA1828E6E73A
:10834000BDE8F88F08B50348FFF774FEBDE80840A4
:10835000FFF744BA5C5C002008B50348FFF76AFEEB
:10836000BDE80840FFF73ABAF85C0020D0F890303A
:1083700003EB4111D1F8003B43F40013C1F8003B7B
:1083800070470000D0F8903003EB4111D1F800396C
:1083900043F40013C1F8003970470000D0F8903062
:1083A00003EB4111D1F8003B23F40013C1F8003B6B
:1083B00070470000D0F8903003EB4111D1F800393C
:1083C00023F40013C1F8003970470000064BD3F8BE
:1083D000DC200243C3F8DC20D3F804211043C3F8A7
:1083E0000401D3F8043170470044025808B53C4BEF
:1083F0004FF0FF31D3F8802062F00042C3F88020B4
:10840000D3F8802002F00042C3F88020D3F8802007
:10841000D3F88420C3F88410D3F884200022C3F852
:108420008420D3F88400D86F40F0FF4040F4FF0070
:1084300040F4DF4040F07F00D867D86F20F0FF4065
:1084400020F4FF0020F4DF4020F07F00D867D86FD1
:10845000D3F888006FEA40506FEA5050C3F88800A4
:10846000D3F88800C0F30A00C3F88800D3F8880066
:10847000D3F89000C3F89010D3F89000C3F8902080
:10848000D3F89000D3F89400C3F89410D3F8940074
:10849000C3F89420D3F89400D3F89800C3F8981048
:1084A000D3F89800C3F89820D3F89800D3F88C003C
:1084B000C3F88C10D3F88C00C3F88C20D3F88C0050
:1084C000D3F89C00C3F89C10D3F89C10C3F89C20F0
:1084D000D3F89C30FCF766FABDE8084000F0E8B835
:1084E0000044025808B50122534BC3F80821534BEE
:1084F000D3F8F42042F00202C3F8F420D3F81C2190
:1085000042F00202C3F81C210222D3F81C314C4B6A
:10851000DA605A689104FCD54A4A1A6001229A60CE
:10852000494ADA6000221A614FF440429A61444B92
:108530009A699204FCD51A6842F480721A603F4B23
:108540001A6F12F4407F04D04FF480321A67002271
:108550001A671A6842F001021A60384B1A6850070D
:10856000FCD500221A611A6912F03802FBD10121F0
:1085700019604FF0804159605A67344ADA62344AD0
:108580001A611A6842F480321A602C4B1A689103FF
:10859000FCD51A6842F480521A601A689204FCD51D
:1085A0002C4A2D499A6200225A63196301F57C0115
:1085B000DA6301F5E77199635A64284A1A64284A14
:1085C000DA621A6842F0A8521A601C4B1A6802F06C
:1085D0002852B2F1285FF9D148229A614FF488629B
:1085E000DA6140221A621F4ADA641F4A1A651F4A7A
:1085F0005A651F4A9A6532231E4A1360136803F0B6
:108600000F03022BFAD10D4A136943F003031361E0
:10861000136903F03803182BFAD14FF00050FFF71D
:10862000D5FE4FF08040FFF7D1FE4FF00040BDE88F
:108630000840FFF7CBBE00BF008000510044025845
:108640000048025800C000F0020000010000FF01D5
:10865000008890083220600063020901470E050877
:10866000DD0BBF0120000020000001100910E00018
:10867000000101100020005208B50348FCF764FD1A
:10868000BDE80840FFF7AAB8C036002008B5034887
:10869000FCF7F4FDBDE80840FFF7A0B8183900204A
:1086A00008B500F08DFCBDE80840FFF797B8000062
:1086B00008B509217A20FCF767FE09213120FCF773
:1086C00063FE07213220FCF75FFE0C212720BDE866
:1086D0000840FCF759BE000008B5FFF787FE00F020
:1086E00043FCFDF731FAFDF7CFF9FDF707FCFDF785
:1086F000D9FAFEF7ABFABDE8084000F029BA00004D
:1087000030B50433039C0172002104FB0325C160D2
:10871000C0E90653049B0363059BC0E90000C0E960
:108720000422C0E90842C0E90A11436330BD0000D9
:108730000022416AC260C0E90411C0E90A226FF058
:108740000101FDF7F9BF0000D0E90432934201D1E5
:10875000C2680AB9181D7047002070470369196084
:108760000021C2680132C260C26913448269934227
:10877000036124BF436A0361FDF7D2BF38B50446E5
:108780000D46E3683BB162690020131D1268A362C5
:108790001344E36207E0237A33B929462046FDF704
:1087A000AFFF0028EDDA38BD6FF00100FBE70000F5
:1087B000C368C269013BC360436913448269934241
:1087C000436124BF436A436100238362036B03B1A7
:1087D0001847704770B53023044683F31188866AC2
:1087E0003EB9FFF7CBFF054618B186F3118828463E
:1087F00070BDA36AE26A13F8015B9342A36202D3DD
:108800002046FFF7D5FF002383F31188EFE7000030
:108810002DE9F84F04460E46174698464FF03009AA
:1088200089F311880025AA46D4F828B0BBF1000FBF
:1088300009D141462046FFF7A1FF20B18BF31188F3
:108840002846BDE8F88FD4E90A12A7EB050B521AA7
:10885000934528BF9346BBF1400F1BD9334601F126
:10886000400251F8040B914243F8040BF9D1A36A7A
:10887000403640354033A362D4E90A239A4202D3FA
:108880002046FFF795FF8AF31188BD42D8D289F3BD
:108890001188C9E730465A46F9F7DCFAA36A5E4404
:1088A0005D445B44A362E7E710B5029C04330172A8
:1088B00003FB0421C460C0E906130023C0E90A33A6
:1088C000039B0363049BC0E90000C0E90422C0E9E4
:1088D0000842436310BD0000026A6FF00101C260EC
:1088E000426AC0E904220022C0E90A22FDF724BF3F
:1088F000D0E904239A4201D1C26822B9184650F83F
:10890000043B0B60704700231846FAE7C368002158
:10891000C2690133C360436913448269934243616E
:1089200024BF436A4361FDF7FBBE000038B504462F
:108930000D46E3683BB1236900201A1DA262E2697B
:108940001344E36207E0237A33B929462046FDF752
:10895000D7FE0028EDDA38BD6FF00100FBE700001C
:1089600003691960C268013AC260C269134482692E
:108970009342036124BF436A036100238362036B54
:1089800003B118477047000070B530230D46044608
:10899000114683F31188866A2EB9FFF7C7FF10B11D
:1089A00086F3118870BDA36A1D70A36AE26A013361
:1089B0009342A36204D3E16920460439FFF7D0FF54
:1089C000002080F31188EDE72DE9F84F04460D46AD
:1089D000904699464FF0300A8AF311880026B34634
:1089E000A76A4FB949462046FFF7A0FF20B187F399
:1089F00011883046BDE8F88FD4E90A073A1AA8EB87
:108A00000607974228BF1746402F1BD905F14003A0
:108A100055F8042B9D4240F8042BF9D1A36A403647
:108A20004033A362D4E90A239A4204D3E169204681
:108A30000439FFF795FF8BF311884645D9D28AF3A5
:108A40001188CDE729463A46F9F704FAA36A3D446E
:108A50003E443B44A362E5E7D0E904239A4217D1A0
:108A6000C3689BB1836A8BB1043B9B1A0ED0136021
:108A7000C368013BC360C3691A4483699A420261B7
:108A800024BF436A036100238362012318467047B1
:108A90000023FBE701F01F03F0B502F01F045609A5
:108AA0005A1C0123B6EB511F50F8265003FA02F36B
:108AB0004FEA511703F1FF333DBF50F82720C4F1AF
:108AC0002000134003EA05003BBF03FA00F225FA39
:108AD00004F0E0401043F0BD70B57E227F210546D2
:108AE000FFF7D8FF18B1012819D0002070BD3E2231
:108AF00049212846FFF7CEFF2F2204463121284680
:108B0000FFF7C8FF0646013450220236532128469B
:108B1000B440FFF7BFFF093804FA00F0E6E730225F
:108B200045212846FFF7B6FF01308002DEE700004E
:108B300090F8D63090F8D7201B0403EB026390F82E
:108B4000D42090F8D500134403EB002070470000B8
:108B500000F00CBA014B586A704700BF000C00408F
:108B6000034B002258631A610222DA60704700BF8B
:108B7000000C0040014B0022DA607047000C0040FE
:108B8000014B5863704700BF000C0040024B034A82
:108B90001A60034A5A607047AC5D0020D85D00201F
:108BA00000000220074B494210B55C68201A0840BB
:108BB0001968821A8A4203D3A24201D85A6010BDB2
:108BC0000020FCE7AC5D002008B5302383F311885A
:108BD000FFF7E8FF002383F3118808BD0448054B25
:108BE00003600023C0E901330C3000F017B900BF67
:108BF000B45D0020C98B0008CB1D083A23F00703A1
:108C0000591A521A10B4D2080024C0E900438460F3
:108C10000C301C605A605DF8044B00F0FFB8000097
:108C20002DE9F74F364FCD1D8846002818BF07465F
:108C3000082A4FEAD50538BF082207F10C003C1D71
:108C40009146019000F02CF9019809F10701C9F152
:108C5000000E2246246864B900F02CF93B68CBB3BF
:108C600008224946E8009847044698B340E902784C
:108C700030E004EB010CD4F804A00CEA0E0C0AF16D
:108C80000106ACF1080304EBC6069E42E1D9A6EB4F
:108C90000C0CB5EBEC0F4FEAEC0BDAD89C421DD272
:108CA00004F10802AB45A3EB02024FEAE202626064
:108CB00009D9691CED4303EBC1025D445560256889
:108CC00043F8315022601C46C3F8048044F8087B06
:108CD00000F0F0F8204603B0BDE8F08FAA45216807
:108CE00002D111602346EEE7013504EBC50344F8D9
:108CF000351003F10801761AF6105E601360F1E793
:108D0000B45D002073B50446A0F1080550F8080CC6
:108D100054F8043C061D0C3007330190DB0844F87E
:108D2000043C00F0BDF8334601989E421A6801D019
:108D3000AB4228D20AB1954225D244F8082C54F807
:108D4000042C1D60013254F8081C05EBC206B14228
:108D500006D14E68324444F8042C0A6844F8082CC2
:108D60005E68711C03EBC1018D4207D154F8042CDD
:108D7000013232445A6054F8082C1A6002B0BDE83F
:108D8000704000F097B81346CFE70000FEE7000000
:108D900070B51E4B0025044686B058600E4605632C
:108DA0008163FEF7F3FC04F12803A5606563C4E961
:108DB0000A3304F11003C4E904334FF0FF33C4E96C
:108DC0000044C4E90635FFF7C5FE2B46024604F110
:108DD0003C012046C4E9082380230D4A6567FDF75E
:108DE00009FC7368E0600B4A03620123009280F87B
:108DF00024306846F26801923269CDE90223064BBD
:108E0000CDE90435FDF72AFC06B070BD30400020E6
:108E1000C49A0008BC9A00088D8D00080023C0E9A0
:108E2000000083600361704770B51C4B0546846881
:108E3000DE685CB3B44213D103690133036170BDD2
:108E4000A36094F8243083B1062B15D1A06A214683
:108E5000D4E9003213605A60FDF728FBA36A9C68CE
:108E6000B368A2689A42EBD306E0D4E90032204608
:108E700013605A60FDF72AFB28463146FDF716FBC2
:108E8000B5620620BDE87040FDF722BB036986602D
:108E900001330361336BC3603063D0E7883D00204A
:108EA00008B5302383F31188FFF7BEFF002383F357
:108EB000118808BD194BD96883688B4210B520D141
:108EC000302383F311880269013A0261B2B9046860
:108ED000C368A0420B631ED04A6B9BB901238A6012
:108EE000036103681A68026050601A6B8360C26095
:108EF00018631846FDF7EAFAFDF74AFB002383F3EF
:108F0000118810BD1C68A34203D0A468A24238BFD8
:108F10002246DB68E1E78260F0E700BF883D002081
:108F2000024A536B18435063704700BF883D0020CE
:108F300038B5EFF311859DB9EFF30584C4F3080448
:108F4000302334B183F31188FDF72EFD85F31188AA
:108F500038BD83F31188FDF727FD84F3118838BDF0
:108F6000BDE83840FDF720BD70470000114BD3F835
:108F7000E82042F00802C3F8E820D3F8102142F0BC
:108F80000802C3F810210C4AD3F81031D36B43F018
:108F90000803D363C722094B9A624FF0FF32DA62AB
:108FA00000229A615A63DA605A6001225A611A609B
:108FB000704700BF004402580010005C000C0040E5
:108FC000094A08B51169D3680B40D9B29B076FEA0B
:108FD0000101116107D5302383F31188FDF7FEFAF3
:108FE000002383F3118808BD000C004010B501393F
:108FF0000244904201D1002005E0037811F8014FAE
:10900000A34201D0181B10BD0130F2E7884210B511
:1090100001EB020402D98442234607D8431EA14231
:1090200008D011F8012B03F8012FF8E7024401469C
:109030008A4200D110BD13F8014D02F8014DF7E747
:10904000C9B2034610F8012B1AB18A42F9D1184669
:109050007047002918BF0023F9E70000034611F804
:10906000012B03F8012B002AF9D1704710B5013903
:10907000034632B111F8014F03F8014B013A002CBD
:10908000F7D11A440021934200D110BD03F8011B0F
:10909000F9E70000316539303538663863333764B5
:1090A000396636370000000012100000121100006F
:1090B000121300004D4435002D2D0A002F617264FB
:1090C0007570696C6F742E6162696E002F617264D5
:1090D0007570696C6F742D7665726966792E616240
:1090E000696E002F6172647570696C6F742D666CA7
:1090F0006173682E6162696E002F617264757069B8
:109100006C6F742D666C61736865642E6162696E44
:10911000000000000000000000000000150F000823
:10912000B10F000861110008E90F0008A90F00083D
:109130000000000000000000110F0008BD0F000833
:10914000991100080D0F0008190F000853544D33F2
:109150003248373F3F3F0053544D3332483733781E
:109160002F3732780053544D3332483734332F374A
:1091700035332F373530000001105A0003105900E5
:1091800001205800032056002F0000005375636330
:1091900065737366756C6C79206D6F756E7465643C
:1091A000205344436172642028736C6F77646F7737
:1091B0006E3D2575290A0000EB76904558464154CE
:1091C000202020004641543332202020000000009F
:1091D0002A3A3C3E7C223F7F002B2C3B3D5B5D00CE
:1091E000435545414141414345454549494941412F
:1091F0004592924F4F4F5555594F554F9C4F9E9FFB
:1092000041494F55A5A5A6A7A8A9AAABACADAEAF3D
:10921000B0B1B2B3B4414141B8B9BABBBCBDBEBF35
:10922000C0C1C2C3C4C54141C8C9CACBCCCDCECFD1
:10923000D1D145454549494949D9DADBDCDD49DF2A
:109240004FE14F4F4F4FE6E8E85555555959EEEF6E
:10925000F0F1F2F3F4F5F6F7F8F9FAFBFCFDFEFF96
:1092600001030507090E10121416181C1E00000039
:1092700061001A03E0001703F8000703FF00010074
:1092800078010001300132010601390110014A0163
:109290002E017901060180014D0043028101820106
:1092A00082018401840186018701870189018A0185
:1092B0008B018B018D018E018F0190019101910134
:1092C00093019401F60196019701980198013D02DE
:1092D0009B019C019D0120029F01A001A001A20110
:1092E000A201A401A401A601A701A701A901AA0145
:1092F000AB01AC01AC01AE01AF01AF01B101B201F4
:10930000B301B301B501B501B701B801B801BA01A4
:10931000BB01BC01BC01BE01F701C001C101C2011A
:10932000C301C401C501C401C701C801C701CA0105
:10933000CB01CA01CD011001DD0101008E01DE016A
:109340001201F3010300F101F401F401F801280115
:10935000220212013A020900652C3B023B023D0247
:10936000662C3F0240024102410246020A015302BA
:10937000400081018601550289018A0158028F014E
:109380005A0290015C025D025E025F02930161027B
:109390006202940164026502660267029701960107
:1093A0006A02622C6C026D026E029C0170027102F4
:1093B0009D01730274029F0176027702780279029E
:1093C0007A027B027C02642C7E027F02A60181026B
:1093D0008202A9018402850286028702AE0144024C
:1093E000B101B20145028D028E028F0290029102FC
:1093F000B7017B030300FD03FE03FF03AC0304007E
:109400008603880389038A03B1031103C2030200A0
:10941000A303A303C4030803CC0303008C038E033C
:109420008F03D8031801F2030A00F903F303F403CE
:10943000F503F603F703F703F903FA03FA0330041D
:10944000200350041007600422018A043601C1047D
:109450000E01CF040100C004D004440161052604BC
:10946000000000007D1D0100632C001E9601A01E5F
:109470005A01001F0806101F0606201F0806301F8D
:109480000806401F0606511F0700591F521F5B1F89
:10949000541F5D1F561F5F1F601F0806701F0E00C0
:1094A000BA1FBB1FC81FC91FCA1FCB1FDA1FDB1F74
:1094B000F81FF91FEA1FEB1FFA1FFB1F801F08068A
:1094C000901F0806A01F0806B01F0400B81FB91F90
:1094D000B21FBC1FCC1F0100C31FD01F0206E01F1C
:1094E0000206E51F0100EC1FF31F0100FC1F4E21C7
:1094F0000100322170211002842101008321D02437
:109500001A05302C2F04602C0201672C0601752CE3
:109510000201802C6401002D260841FF1A0300007F
:10952000C700FC00E900E200E400E000E500E7001D
:10953000EA00EB00E800EF00EE00EC00C400C5001C
:10954000C900E600C600F400F600F200FB00F900D6
:10955000FF00D600DC00F800A300D800D70092017D
:10956000E100ED00F300FA00F100D100AA00BA001A
:10957000BF00AE00AC00BD00BC00A100AB00BB0052
:1095800091259225932502252425C100C200C00003
:10959000A9006325512557255D25A200A5001025AA
:1095A000142534252C251C2500253C25E300C3006B
:1095B0005A25542569256625602550256C25A4006B
:1095C000F000D000CA00CB00C8003101CD00CE00B1
:1095D000CF0018250C2588258425A600CC008025E1
:1095E000D300DF00D400D200F500D500B500FE00A6
:1095F000DE00DA00DB00D900FD00DD00AF00B400C2
:10960000AD00B1001720BE00B600A700F700B800FB
:10961000B000A800B700B900B300B200A025A000B8
:1096200010000240080002400008024000000B0049
:1096300028000240080002400408024006010C0015
:1096400040000240080002400808024010020D00DD
:1096500058000240080002400C08024016030E00A9
:10966000700002400C0002401008024000040F008D
:10967000880002400C000240140802400605100059
:10968000A00002400C000240180802401006110021
:10969000B80002400C0002401C08024016072F00D0
:1096A000100402400804024020080240000838006C
:1096B0002804024008040240240802400609390038
:1096C000400402400804024028080240100A3A0000
:1096D00058040240080402402C080240160B3B00CC
:1096E000700402400C04024030080240000C3C00B0
:1096F000880402400C04024034080240060D440075
:10970000A00402400C04024038080240100E45003C
:10971000B80402400C0402403C080240160F460008
:1097200001000000000000000096000000000000A2
:109730000000000000000000000000000000000029
:1097400000000000456C0008496C00081D57000827
:10975000555A0008B1560008D956000801570008AC
:109760009956000800000000095B0008F55A00083F
:10977000315B00081D5B0008295B0008155B0008D1
:10978000015B0008ED5A00083D5B00080000000086
:10979000215C00080D5C0008495C0008355C00088D
:1097A000415C00082D5C0008195C0008055C00089D
:1097B000555C0008000000000100000000000000EF
:1097C00063300000C09700080000000000000000A7
:1097D000003E0020304000200001802A00000000F0
:1097E000AAAAAAAA00010024FFFF000000000000AE
:1097F00000A00A000540000000000000AAAAAAAAD2
:1098000000400000FFFF000000000000000000001A
:109810000100AA0200000000AAAAAAAA010055009D
:10982000FFFF000000000000CCCC0C0020010A006B
:1098300010000000AAAAAAAA10000500EFFF00006D
:10984000000C00007700000000010401000000008F
:10985000AAAAAAAA00010000FFFF00000000000061
:10986000000000000000000000000000AAAAAAAA50
:1098700000000000FFFF00000000000000000000EA
:109880000000000000000000AAAAAAAA0000000030
:10989000FFFF0000000000000000000000000000CA
:1098A00000000000AAAAAAAA00000000FFFF000012
:1098B00000000000000000000000000000000000A8
:1098C000AAAAAAAA00000000FFFF000000000000F2
:1098D000000000000000000000000000AAAAAAAAE0
:1098E00000000000FFFF000000000000000000007A
:1098F0000000000000000000AAAAAAAA00000000C0
:10990000FFFF0000000000000000000041726475CD
:1099100050696C6F740025424F415244252D424CD2
:10992000002553455249414C25000000020000002B
:1099300000000000415E0008B15E000840004000E9
:10994000E0580020F0580020020000000000000055
:109950000300000000000000F95E000800000000A5
:10996000100000000059002000000000010000006D
:10997000000000005C5C002001010200416D000855
:10998000516C0008ED6C0008D16C00084300000029
:109990009499000809024300020100C03209040042
:1099A000000102020100052400100105240100014C
:1099B000042402020524060001070582030800FFB3
:1099C00009040100020A000000070501024000002E
:1099D000070581024000000012000000E099000825
:1099E0001201100102000040091241570002010259
:1099F000030100000403090425424F41524425009D
:109A000044656644726F6E65734837763331003053
:109A100031323334353637383941424344454600D4
:109A200000000020000002000200000000000030E2
:109A300000000400080000000000002400000800EE
:109A4000040000000004000000FC00000200000010
:109A50000000043000800000080000000000003812
:109A600000000100010000001F1C1F1E1F1E1F1F01
:109A70001E1F1E1F1F1D1F1E1F1E1F1F1E1F1E1FFE
:109A800000000000556000080D630008B96300087D
:109A900040004000945D0020945D00200100000023
:109AA000A45D0020800000004001000008000000CC
:109AB00000010000001000000800000069646C65EF
:109AC000000000006D61696E002C04380404380841
:109AD0000C10141C20242526000000000000640443
:109AE0000100040000000000000C001028303400C9
:109AF0007869FF7F010000000F27000000000000D0
:109B000000001A0000000000FF00000038400020A4
:109B100018390020000000004C9100088304000068
:109B200057910008500400006591000801000000F2
:109B300000000000009600000000080096000000F1
:109B40000008000004000000F49900080000000074
:109B50000000000000000000000000000000000005
:049B60000000000001
:00000001FF
